[
  {
    "id": "c1",
    "name": "belVita Breakfast Biscuits, Blueberry Flavor",
    "slug": "belVita-breakfast-biscuits-blueberry-flavor",
    "description": "Sugar, Unbleached Enriched Flour (Wheat Flour, Niacin, Reduced Iron, Thiamine Mononitrate Vitamin B1 , Riboflavin Vitamin B2 , Folic Acid), Palm and/or Canola Oil, Cocoa (Processed with Alkali), High Fructose Corn Syrup, Leavening (Baking Soda and/or Calcium Phosphate), Cornstarch, Salt, Soy Lecithin, Vanillin--an Artificial Flavor, Chocolate.",
    "image": {
      "id": 1,
      "thumbnail": "/assets/images/products/p-22.png",
      "original": "/assets/images/products/p-22-m.png"
    },
    "gallery": [
      {
        "id": 1,
        "thumbnail": "/assets/images/products/p-22-1.png",
        "original": "/assets/images/products/p-22-1.png"
      },
      {
        "id": 2,
        "thumbnail": "/assets/images/products/p-22-2.png",
        "original": "/assets/images/products/p-22-2.png"
      },
      {
        "id": 3,
        "thumbnail": "/assets/images/products/p-22-3.png",
        "original": "/assets/images/products/p-22-3.png"
      }
    ],
    "quantity": 170,
    "price": null,
    "sale_price": null,
    "unit": "1 each",
    "tag": [
      {
        "id": 1,
        "name": "Fast Food",
        "slug": "fast-food"
      },
      {
        "id": 2,
        "name": "Organic Corn",
        "slug": "organic_corn"
      },
      {
        "id": 3,
        "name": "Flavoured",
        "slug": "flavoured"
      },
      {
        "id": 4,
        "name": "Dry Food",
        "slug": "dry-food"
      }
    ],
    "product_type": "variable",
    "max_price": 25,
    "min_price": 15,
    "variations": [
      {
        "id": 8,
        "attribute_id": 3,
        "value": "small",
        "attribute": {
          "id": 3,
          "slug": "available-in",
          "name": "Available In",
          "values": [
            {
              "id": 8,
              "attribute_id": 3,
              "value": "small"
            },
            {
              "id": 9,
              "attribute_id": 3,
              "value": "medium"
            },
            {
              "id": 10,
              "attribute_id": 3,
              "value": "large"
            }
          ]
        }
      },
      {
        "id": 9,
        "attribute_id": 3,
        "value": "medium",
        "attribute": {
          "id": 3,
          "slug": "available-in",
          "name": "Available In",
          "values": [
            {
              "id": 8,
              "attribute_id": 3,
              "value": "small"
            },
            {
              "id": 9,
              "attribute_id": 3,
              "value": "medium"
            },
            {
              "id": 10,
              "attribute_id": 3,
              "value": "large"
            }
          ]
        }
      },
      {
        "id": 10,
        "attribute_id": 3,
        "value": "large",
        "attribute": {
          "id": 3,
          "slug": "available-in",
          "name": "Available In",
          "values": [
            {
              "id": 8,
              "attribute_id": 3,
              "value": "small"
            },
            {
              "id": 9,
              "attribute_id": 3,
              "value": "medium"
            },
            {
              "id": 10,
              "attribute_id": 3,
              "value": "large"
            }
          ]
        }
      }
    ],
    "variation_options": [
      {
        "id": 247,
        "title": "small",
        "price": 15,
        "sale_price": null,
        "quantity": "100",
        "is_disable": 0,
        "sku": "200101",
        "options": [
          {
            "name": "Available In",
            "value": "small"
          }
        ]
      },
      {
        "id": 248,
        "title": "medium",
        "price": 20,
        "sale_price": 18,
        "quantity": "35",
        "is_disable": 0,
        "sku": "200102",
        "options": [
          {
            "name": "Available In",
            "value": "medium"
          }
        ]
      },
      {
        "id": 249,
        "title": "large",
        "price": 25,
        "sale_price": 0,
        "quantity": "35",
        "is_disable": 0,
        "sku": "200103",
        "options": [
          {
            "name": "Available In",
            "value": "large"
          }
        ]
      }
    ]
  },
  {
    "id": "c2",
    "name": "Oreo Chocolate Sandwich Cookies, Original Flavor",
    "slug": "oreo-chocolate-sandwich-cookies-original-flavor",
    "description": "Sugar, Unbleached Enriched Flour (Wheat Flour, Niacin, Reduced Iron, Thiamine Mononitrate Vitamin B1 , Riboflavin Vitamin B2 , Folic Acid), Palm and/or Canola Oil, Cocoa (Processed with Alkali), High Fructose Corn Syrup, Leavening (Baking Soda and/or Calcium Phosphate), Cornstarch, Salt, Soy Lecithin, Vanillin--an Artificial Flavor, Chocolate.",
    "image": {
      "id": 1,
      "thumbnail": "/assets/images/products/p-23.png",
      "original": "/assets/images/products/p-23-m.png"
    },
    "gallery": [
      {
        "id": 1,
        "thumbnail": "/assets/images/products/p-23-1.png",
        "original": "/assets/images/products/p-23-1.png"
      },
      {
        "id": 2,
        "thumbnail": "/assets/images/products/p-23-2.png",
        "original": "/assets/images/products/p-23-2.png"
      },
      {
        "id": 3,
        "thumbnail": "/assets/images/products/p-23-3.png",
        "original": "/assets/images/products/p-23-3.png"
      }
    ],
    "quantity": 170,
    "price": null,
    "sale_price": null,
    "unit": "1 each",
    "tag": [
      {
        "id": 1,
        "name": "Fast Food",
        "slug": "fast-food"
      },
      {
        "id": 2,
        "name": "Organic Corn",
        "slug": "organic_corn"
      },
      {
        "id": 3,
        "name": "Flavoured",
        "slug": "flavoured"
      },
      {
        "id": 4,
        "name": "Dry Food",
        "slug": "dry-food"
      }
    ],
    "product_type": "variable",
    "max_price": 20,
    "min_price": 10,
    "variations": [
      {
        "id": 8,
        "attribute_id": 3,
        "value": "small",
        "attribute": {
          "id": 3,
          "slug": "available-in",
          "name": "Available In",
          "values": [
            {
              "id": 8,
              "attribute_id": 3,
              "value": "small"
            },
            {
              "id": 9,
              "attribute_id": 3,
              "value": "medium"
            },
            {
              "id": 10,
              "attribute_id": 3,
              "value": "large"
            }
          ]
        }
      },
      {
        "id": 9,
        "attribute_id": 3,
        "value": "medium",
        "attribute": {
          "id": 3,
          "slug": "available-in",
          "name": "Available In",
          "values": [
            {
              "id": 8,
              "attribute_id": 3,
              "value": "small"
            },
            {
              "id": 9,
              "attribute_id": 3,
              "value": "medium"
            },
            {
              "id": 10,
              "attribute_id": 3,
              "value": "large"
            }
          ]
        }
      },
      {
        "id": 10,
        "attribute_id": 3,
        "value": "large",
        "attribute": {
          "id": 3,
          "slug": "available-in",
          "name": "Available In",
          "values": [
            {
              "id": 8,
              "attribute_id": 3,
              "value": "small"
            },
            {
              "id": 9,
              "attribute_id": 3,
              "value": "medium"
            },
            {
              "id": 10,
              "attribute_id": 3,
              "value": "large"
            }
          ]
        }
      }
    ],
    "variation_options": [
      {
        "id": 247,
        "title": "small",
        "price": 12,
        "sale_price": 10,
        "quantity": "100",
        "is_disable": 0,
        "sku": "200101",
        "options": [
          {
            "name": "Available In",
            "value": "small"
          }
        ]
      },
      {
        "id": 248,
        "title": "medium",
        "price": 18,
        "sale_price": 15,
        "quantity": "35",
        "is_disable": 0,
        "sku": "200102",
        "options": [
          {
            "name": "Available In",
            "value": "medium"
          }
        ]
      },
      {
        "id": 249,
        "title": "large",
        "price": 20,
        "sale_price": 0,
        "quantity": "35",
        "is_disable": 0,
        "sku": "200103",
        "options": [
          {
            "name": "Available In",
            "value": "large"
          }
        ]
      }
    ]
  },
  {
    "id": "c3",
    "name": "Tate's Bake Shop Cookies, Chocolate Chip",
    "slug": "tate's-bake-shop-cookies-chocolate-chip",
    "description": "Sugar, Unbleached Enriched Flour (Wheat Flour, Niacin, Reduced Iron, Thiamine Mononitrate Vitamin B1 , Riboflavin Vitamin B2 , Folic Acid), Palm and/or Canola Oil, Cocoa (Processed with Alkali), High Fructose Corn Syrup, Leavening (Baking Soda and/or Calcium Phosphate), Cornstarch, Salt, Soy Lecithin, Vanillin--an Artificial Flavor, Chocolate.",
    "image": {
      "id": 1,
      "thumbnail": "/assets/images/products/p-24.png",
      "original": "/assets/images/products/p-24-m.png"
    },
    "gallery": [
      {
        "id": 1,
        "thumbnail": "/assets/images/products/p-24-1.png",
        "original": "/assets/images/products/p-24-1.png"
      },
      {
        "id": 2,
        "thumbnail": "/assets/images/products/p-24-2.png",
        "original": "/assets/images/products/p-24-2.png"
      },
      {
        "id": 3,
        "thumbnail": "/assets/images/products/p-24-3.png",
        "original": "/assets/images/products/p-24-3.png"
      }
    ],
    "quantity": 170,
    "price": null,
    "sale_price": null,
    "unit": "1 each",
    "tag": [
      {
        "id": 1,
        "name": "Fast Food",
        "slug": "fast-food"
      },
      {
        "id": 2,
        "name": "Organic Corn",
        "slug": "organic_corn"
      },
      {
        "id": 3,
        "name": "Flavoured",
        "slug": "flavoured"
      },
      {
        "id": 4,
        "name": "Dry Food",
        "slug": "dry-food"
      }
    ],
    "product_type": "variable",
    "max_price": 40,
    "min_price": 15,
    "variations": [
      {
        "id": 8,
        "attribute_id": 3,
        "value": "small",
        "attribute": {
          "id": 3,
          "slug": "available-in",
          "name": "Available In",
          "values": [
            {
              "id": 8,
              "attribute_id": 3,
              "value": "small"
            },
            {
              "id": 9,
              "attribute_id": 3,
              "value": "medium"
            },
            {
              "id": 10,
              "attribute_id": 3,
              "value": "large"
            }
          ]
        }
      },
      {
        "id": 9,
        "attribute_id": 3,
        "value": "medium",
        "attribute": {
          "id": 3,
          "slug": "available-in",
          "name": "Available In",
          "values": [
            {
              "id": 8,
              "attribute_id": 3,
              "value": "small"
            },
            {
              "id": 9,
              "attribute_id": 3,
              "value": "medium"
            },
            {
              "id": 10,
              "attribute_id": 3,
              "value": "large"
            }
          ]
        }
      },
      {
        "id": 10,
        "attribute_id": 3,
        "value": "large",
        "attribute": {
          "id": 3,
          "slug": "available-in",
          "name": "Available In",
          "values": [
            {
              "id": 8,
              "attribute_id": 3,
              "value": "small"
            },
            {
              "id": 9,
              "attribute_id": 3,
              "value": "medium"
            },
            {
              "id": 10,
              "attribute_id": 3,
              "value": "large"
            }
          ]
        }
      }
    ],
    "variation_options": [
      {
        "id": 247,
        "title": "small",
        "price": 15,
        "sale_price": null,
        "quantity": "100",
        "is_disable": 0,
        "sku": "200101",
        "options": [
          {
            "name": "Available In",
            "value": "small"
          }
        ]
      },
      {
        "id": 248,
        "title": "medium",
        "price": 30,
        "sale_price": 20,
        "quantity": "35",
        "is_disable": 0,
        "sku": "200102",
        "options": [
          {
            "name": "Available In",
            "value": "medium"
          }
        ]
      },
      {
        "id": 249,
        "title": "large",
        "price": 40,
        "sale_price": null,
        "quantity": "35",
        "is_disable": 0,
        "sku": "200103",
        "options": [
          {
            "name": "Available In",
            "value": "large"
          }
        ]
      }
    ]
  },
  {
    "id": "c4",
    "name": "Nabisco Nilla Wafers",
    "slug": "nabisco-nilla-wafers",
    "description": "Sugar, Unbleached Enriched Flour (Wheat Flour, Niacin, Reduced Iron, Thiamine Mononitrate Vitamin B1 , Riboflavin Vitamin B2 , Folic Acid), Palm and/or Canola Oil, Cocoa (Processed with Alkali), High Fructose Corn Syrup, Leavening (Baking Soda and/or Calcium Phosphate), Cornstarch, Salt, Soy Lecithin, Vanillin--an Artificial Flavor, Chocolate.",
    "image": {
      "id": 1,
      "thumbnail": "/assets/images/products/p-25.png",
      "original": "/assets/images/products/p-25-m.png"
    },
    "gallery": [
      {
        "id": 1,
        "thumbnail": "/assets/images/products/p-25-1.png",
        "original": "/assets/images/products/p-25-1.png"
      },
      {
        "id": 2,
        "thumbnail": "/assets/images/products/p-25-2.png",
        "original": "/assets/images/products/p-25-2.png"
      },
      {
        "id": 3,
        "thumbnail": "/assets/images/products/p-25-3.png",
        "original": "/assets/images/products/p-25-3.png"
      }
    ],
    "quantity": 170,
    "price": null,
    "sale_price": null,
    "unit": "1 each",
    "tag": [
      {
        "id": 1,
        "name": "Fast Food",
        "slug": "fast-food"
      },
      {
        "id": 2,
        "name": "Organic Corn",
        "slug": "organic_corn"
      },
      {
        "id": 3,
        "name": "Flavoured",
        "slug": "flavoured"
      },
      {
        "id": 4,
        "name": "Dry Food",
        "slug": "dry-food"
      }
    ],
    "product_type": "variable",
    "max_price": 25,
    "min_price": 15,
    "variations": [
      {
        "id": 8,
        "attribute_id": 3,
        "value": "small",
        "attribute": {
          "id": 3,
          "slug": "available-in",
          "name": "Available In",
          "values": [
            {
              "id": 8,
              "attribute_id": 3,
              "value": "small"
            },
            {
              "id": 9,
              "attribute_id": 3,
              "value": "medium"
            },
            {
              "id": 10,
              "attribute_id": 3,
              "value": "large"
            }
          ]
        }
      },
      {
        "id": 9,
        "attribute_id": 3,
        "value": "medium",
        "attribute": {
          "id": 3,
          "slug": "available-in",
          "name": "Available In",
          "values": [
            {
              "id": 8,
              "attribute_id": 3,
              "value": "small"
            },
            {
              "id": 9,
              "attribute_id": 3,
              "value": "medium"
            },
            {
              "id": 10,
              "attribute_id": 3,
              "value": "large"
            }
          ]
        }
      },
      {
        "id": 10,
        "attribute_id": 3,
        "value": "large",
        "attribute": {
          "id": 3,
          "slug": "available-in",
          "name": "Available In",
          "values": [
            {
              "id": 8,
              "attribute_id": 3,
              "value": "small"
            },
            {
              "id": 9,
              "attribute_id": 3,
              "value": "medium"
            },
            {
              "id": 10,
              "attribute_id": 3,
              "value": "large"
            }
          ]
        }
      }
    ],
    "variation_options": [
      {
        "id": 247,
        "title": "small",
        "price": 15,
        "sale_price": null,
        "quantity": "100",
        "is_disable": 0,
        "sku": "200101",
        "options": [
          {
            "name": "Available In",
            "value": "small"
          }
        ]
      },
      {
        "id": 248,
        "title": "medium",
        "price": 20,
        "sale_price": 18,
        "quantity": "35",
        "is_disable": 0,
        "sku": "200102",
        "options": [
          {
            "name": "Available In",
            "value": "medium"
          }
        ]
      },
      {
        "id": 249,
        "title": "large",
        "price": 25,
        "sale_price": 0,
        "quantity": "35",
        "is_disable": 0,
        "sku": "200103",
        "options": [
          {
            "name": "Available In",
            "value": "large"
          }
        ]
      }
    ]
  },
  {
    "id": "c5",
    "name": "Chips Ahoy! Original Chocolate Chip Cookies",
    "slug": "chips-ahoy-original-chocolate-chip-cookies",
    "description": "Sugar, Unbleached Enriched Flour (Wheat Flour, Niacin, Reduced Iron, Thiamine Mononitrate Vitamin B1 , Riboflavin Vitamin B2 , Folic Acid), Palm and/or Canola Oil, Cocoa (Processed with Alkali), High Fructose Corn Syrup, Leavening (Baking Soda and/or Calcium Phosphate), Cornstarch, Salt, Soy Lecithin, Vanillin--an Artificial Flavor, Chocolate.",
    "image": {
      "id": 1,
      "thumbnail": "/assets/images/products/p-26.png",
      "original": "/assets/images/products/p-26-m.png"
    },
    "gallery": [
      {
        "id": 1,
        "thumbnail": "/assets/images/products/p-26-1.png",
        "original": "/assets/images/products/p-26-1.png"
      },
      {
        "id": 2,
        "thumbnail": "/assets/images/products/p-26-2.png",
        "original": "/assets/images/products/p-26-2.png"
      },
      {
        "id": 3,
        "thumbnail": "/assets/images/products/p-26-3.png",
        "original": "/assets/images/products/p-26-3.png"
      }
    ],
    "quantity": 170,
    "price": null,
    "sale_price": null,
    "unit": "1 each",
    "tag": [
      {
        "id": 1,
        "name": "Fast Food",
        "slug": "fast-food"
      },
      {
        "id": 2,
        "name": "Organic Corn",
        "slug": "organic_corn"
      },
      {
        "id": 3,
        "name": "Flavoured",
        "slug": "flavoured"
      },
      {
        "id": 4,
        "name": "Dry Food",
        "slug": "dry-food"
      }
    ],
    "product_type": "variable",
    "max_price": 15,
    "min_price": 8,
    "variations": [
      {
        "id": 8,
        "attribute_id": 3,
        "value": "small",
        "attribute": {
          "id": 3,
          "slug": "available-in",
          "name": "Available In",
          "values": [
            {
              "id": 8,
              "attribute_id": 3,
              "value": "small"
            },
            {
              "id": 9,
              "attribute_id": 3,
              "value": "medium"
            },
            {
              "id": 10,
              "attribute_id": 3,
              "value": "large"
            }
          ]
        }
      },
      {
        "id": 9,
        "attribute_id": 3,
        "value": "medium",
        "attribute": {
          "id": 3,
          "slug": "available-in",
          "name": "Available In",
          "values": [
            {
              "id": 8,
              "attribute_id": 3,
              "value": "small"
            },
            {
              "id": 9,
              "attribute_id": 3,
              "value": "medium"
            },
            {
              "id": 10,
              "attribute_id": 3,
              "value": "large"
            }
          ]
        }
      },
      {
        "id": 10,
        "attribute_id": 3,
        "value": "large",
        "attribute": {
          "id": 3,
          "slug": "available-in",
          "name": "Available In",
          "values": [
            {
              "id": 8,
              "attribute_id": 3,
              "value": "small"
            },
            {
              "id": 9,
              "attribute_id": 3,
              "value": "medium"
            },
            {
              "id": 10,
              "attribute_id": 3,
              "value": "large"
            }
          ]
        }
      }
    ],
    "variation_options": [
      {
        "id": 247,
        "title": "small",
        "price": 8,
        "sale_price": null,
        "quantity": "100",
        "is_disable": 0,
        "sku": "200101",
        "options": [
          {
            "name": "Available In",
            "value": "small"
          }
        ]
      },
      {
        "id": 248,
        "title": "medium",
        "price": 12,
        "sale_price": 10,
        "quantity": "35",
        "is_disable": 0,
        "sku": "200102",
        "options": [
          {
            "name": "Available In",
            "value": "medium"
          }
        ]
      },
      {
        "id": 249,
        "title": "large",
        "price": 15,
        "sale_price": 0,
        "quantity": "35",
        "is_disable": 0,
        "sku": "200103",
        "options": [
          {
            "name": "Available In",
            "value": "large"
          }
        ]
      }
    ]
  },
  {
    "id": "c6",
    "name": "Pepperidge Farm®  Milano® Mint Chocolate",
    "slug": "pepperidge-farm®-milano®-mint-chocolate",
    "description": "Sugar, Unbleached Enriched Flour (Wheat Flour, Niacin, Reduced Iron, Thiamine Mononitrate Vitamin B1 , Riboflavin Vitamin B2 , Folic Acid), Palm and/or Canola Oil, Cocoa (Processed with Alkali), High Fructose Corn Syrup, Leavening (Baking Soda and/or Calcium Phosphate), Cornstarch, Salt, Soy Lecithin, Vanillin--an Artificial Flavor, Chocolate.",
    "image": {
      "id": 1,
      "thumbnail": "/assets/images/products/p-27.png",
      "original": "/assets/images/products/p-27-m.png"
    },
    "gallery": [
      {
        "id": 1,
        "thumbnail": "/assets/images/products/p-27-1.png",
        "original": "/assets/images/products/p-27-1.png"
      },
      {
        "id": 2,
        "thumbnail": "/assets/images/products/p-27-2.png",
        "original": "/assets/images/products/p-27-2.png"
      },
      {
        "id": 3,
        "thumbnail": "/assets/images/products/p-27-3.png",
        "original": "/assets/images/products/p-27-3.png"
      }
    ],
    "quantity": 170,
    "price": null,
    "sale_price": null,
    "unit": "1 each",
    "tag": [
      {
        "id": 1,
        "name": "Fast Food",
        "slug": "fast-food"
      },
      {
        "id": 2,
        "name": "Organic Corn",
        "slug": "organic_corn"
      },
      {
        "id": 3,
        "name": "Flavoured",
        "slug": "flavoured"
      },
      {
        "id": 4,
        "name": "Dry Food",
        "slug": "dry-food"
      }
    ],
    "product_type": "variable",
    "max_price": 35,
    "min_price": 20,
    "variations": [
      {
        "id": 8,
        "attribute_id": 3,
        "value": "small",
        "attribute": {
          "id": 3,
          "slug": "available-in",
          "name": "Available In",
          "values": [
            {
              "id": 8,
              "attribute_id": 3,
              "value": "small"
            },
            {
              "id": 9,
              "attribute_id": 3,
              "value": "medium"
            },
            {
              "id": 10,
              "attribute_id": 3,
              "value": "large"
            }
          ]
        }
      },
      {
        "id": 9,
        "attribute_id": 3,
        "value": "medium",
        "attribute": {
          "id": 3,
          "slug": "available-in",
          "name": "Available In",
          "values": [
            {
              "id": 8,
              "attribute_id": 3,
              "value": "small"
            },
            {
              "id": 9,
              "attribute_id": 3,
              "value": "medium"
            },
            {
              "id": 10,
              "attribute_id": 3,
              "value": "large"
            }
          ]
        }
      },
      {
        "id": 10,
        "attribute_id": 3,
        "value": "large",
        "attribute": {
          "id": 3,
          "slug": "available-in",
          "name": "Available In",
          "values": [
            {
              "id": 8,
              "attribute_id": 3,
              "value": "small"
            },
            {
              "id": 9,
              "attribute_id": 3,
              "value": "medium"
            },
            {
              "id": 10,
              "attribute_id": 3,
              "value": "large"
            }
          ]
        }
      }
    ],
    "variation_options": [
      {
        "id": 247,
        "title": "small",
        "price": 25,
        "sale_price": 20,
        "quantity": "100",
        "is_disable": 0,
        "sku": "200101",
        "options": [
          {
            "name": "Available In",
            "value": "small"
          }
        ]
      },
      {
        "id": 248,
        "title": "medium",
        "price": 30,
        "sale_price": 28,
        "quantity": "35",
        "is_disable": 0,
        "sku": "200102",
        "options": [
          {
            "name": "Available In",
            "value": "medium"
          }
        ]
      },
      {
        "id": 249,
        "title": "large",
        "price": 35,
        "sale_price": 0,
        "quantity": "35",
        "is_disable": 0,
        "sku": "200103",
        "options": [
          {
            "name": "Available In",
            "value": "large"
          }
        ]
      }
    ]
  },
  {
    "id": "c7",
    "name": "Chobani Yogurt, Greek, Cookies & Cream",
    "slug": "chobani-yogurt-greek-cookies-cream",
    "description": "Sugar, Unbleached Enriched Flour (Wheat Flour, Niacin, Reduced Iron, Thiamine Mononitrate Vitamin B1 , Riboflavin Vitamin B2 , Folic Acid), Palm and/or Canola Oil, Cocoa (Processed with Alkali), High Fructose Corn Syrup, Leavening (Baking Soda and/or Calcium Phosphate), Cornstarch, Salt, Soy Lecithin, Vanillin--an Artificial Flavor, Chocolate.",
    "image": {
      "id": 1,
      "thumbnail": "/assets/images/products/p-28.png",
      "original": "/assets/images/products/p-28-m.png"
    },
    "gallery": [
      {
        "id": 1,
        "thumbnail": "/assets/images/products/p-28-1.png",
        "original": "/assets/images/products/p-28-1.png"
      },
      {
        "id": 2,
        "thumbnail": "/assets/images/products/p-28-2.png",
        "original": "/assets/images/products/p-28-2.png"
      },
      {
        "id": 3,
        "thumbnail": "/assets/images/products/p-28-3.png",
        "original": "/assets/images/products/p-28-3.png"
      }
    ],
    "quantity": 170,
    "price": null,
    "sale_price": null,
    "unit": "1 each",
    "tag": [
      {
        "id": 1,
        "name": "Fast Food",
        "slug": "fast-food"
      },
      {
        "id": 2,
        "name": "Organic Corn",
        "slug": "organic_corn"
      },
      {
        "id": 3,
        "name": "Flavoured",
        "slug": "flavoured"
      },
      {
        "id": 4,
        "name": "Dry Food",
        "slug": "dry-food"
      }
    ],
    "product_type": "variable",
    "max_price": 25,
    "min_price": 15,
    "variations": [
      {
        "id": 8,
        "attribute_id": 3,
        "value": "small",
        "attribute": {
          "id": 3,
          "slug": "available-in",
          "name": "Available In",
          "values": [
            {
              "id": 8,
              "attribute_id": 3,
              "value": "small"
            },
            {
              "id": 9,
              "attribute_id": 3,
              "value": "medium"
            },
            {
              "id": 10,
              "attribute_id": 3,
              "value": "large"
            }
          ]
        }
      },
      {
        "id": 9,
        "attribute_id": 3,
        "value": "medium",
        "attribute": {
          "id": 3,
          "slug": "available-in",
          "name": "Available In",
          "values": [
            {
              "id": 8,
              "attribute_id": 3,
              "value": "small"
            },
            {
              "id": 9,
              "attribute_id": 3,
              "value": "medium"
            },
            {
              "id": 10,
              "attribute_id": 3,
              "value": "large"
            }
          ]
        }
      },
      {
        "id": 10,
        "attribute_id": 3,
        "value": "large",
        "attribute": {
          "id": 3,
          "slug": "available-in",
          "name": "Available In",
          "values": [
            {
              "id": 8,
              "attribute_id": 3,
              "value": "small"
            },
            {
              "id": 9,
              "attribute_id": 3,
              "value": "medium"
            },
            {
              "id": 10,
              "attribute_id": 3,
              "value": "large"
            }
          ]
        }
      }
    ],
    "variation_options": [
      {
        "id": 247,
        "title": "small",
        "price": 15,
        "sale_price": null,
        "quantity": "100",
        "is_disable": 0,
        "sku": "200101",
        "options": [
          {
            "name": "Available In",
            "value": "small"
          }
        ]
      },
      {
        "id": 248,
        "title": "medium",
        "price": 20,
        "sale_price": 18,
        "quantity": "35",
        "is_disable": 0,
        "sku": "200102",
        "options": [
          {
            "name": "Available In",
            "value": "medium"
          }
        ]
      },
      {
        "id": 249,
        "title": "large",
        "price": 25,
        "sale_price": 0,
        "quantity": "35",
        "is_disable": 0,
        "sku": "200103",
        "options": [
          {
            "name": "Available In",
            "value": "large"
          }
        ]
      }
    ]
  },
  {
    "id": "c8",
    "name": "Tate's Bake Shop Cookies, Gluten Free, Chocolate",
    "slug": "tate's-bake-shop-cookies-gluten-free-chocolate",
    "description": "Sugar, Unbleached Enriched Flour (Wheat Flour, Niacin, Reduced Iron, Thiamine Mononitrate Vitamin B1 , Riboflavin Vitamin B2 , Folic Acid), Palm and/or Canola Oil, Cocoa (Processed with Alkali), High Fructose Corn Syrup, Leavening (Baking Soda and/or Calcium Phosphate), Cornstarch, Salt, Soy Lecithin, Vanillin--an Artificial Flavor, Chocolate.",
    "image": {
      "id": 1,
      "thumbnail": "/assets/images/products/p-29.png",
      "original": "/assets/images/products/p-29-m.png"
    },
    "gallery": [
      {
        "id": 1,
        "thumbnail": "/assets/images/products/p-29-1.png",
        "original": "/assets/images/products/p-29-1.png"
      },
      {
        "id": 2,
        "thumbnail": "/assets/images/products/p-29-2.png",
        "original": "/assets/images/products/p-29-2.png"
      },
      {
        "id": 3,
        "thumbnail": "/assets/images/products/p-29-3.png",
        "original": "/assets/images/products/p-29-3.png"
      }
    ],
    "quantity": 170,
    "price": null,
    "sale_price": null,
    "unit": "1 each",
    "tag": [
      {
        "id": 1,
        "name": "Fast Food",
        "slug": "fast-food"
      },
      {
        "id": 2,
        "name": "Organic Corn",
        "slug": "organic_corn"
      },
      {
        "id": 3,
        "name": "Flavoured",
        "slug": "flavoured"
      },
      {
        "id": 4,
        "name": "Dry Food",
        "slug": "dry-food"
      }
    ],
    "product_type": "variable",
    "max_price": 50,
    "min_price": 25,
    "variations": [
      {
        "id": 8,
        "attribute_id": 3,
        "value": "small",
        "attribute": {
          "id": 3,
          "slug": "available-in",
          "name": "Available In",
          "values": [
            {
              "id": 8,
              "attribute_id": 3,
              "value": "small"
            },
            {
              "id": 9,
              "attribute_id": 3,
              "value": "medium"
            },
            {
              "id": 10,
              "attribute_id": 3,
              "value": "large"
            }
          ]
        }
      },
      {
        "id": 9,
        "attribute_id": 3,
        "value": "medium",
        "attribute": {
          "id": 3,
          "slug": "available-in",
          "name": "Available In",
          "values": [
            {
              "id": 8,
              "attribute_id": 3,
              "value": "small"
            },
            {
              "id": 9,
              "attribute_id": 3,
              "value": "medium"
            },
            {
              "id": 10,
              "attribute_id": 3,
              "value": "large"
            }
          ]
        }
      },
      {
        "id": 10,
        "attribute_id": 3,
        "value": "large",
        "attribute": {
          "id": 3,
          "slug": "available-in",
          "name": "Available In",
          "values": [
            {
              "id": 8,
              "attribute_id": 3,
              "value": "small"
            },
            {
              "id": 9,
              "attribute_id": 3,
              "value": "medium"
            },
            {
              "id": 10,
              "attribute_id": 3,
              "value": "large"
            }
          ]
        }
      }
    ],
    "variation_options": [
      {
        "id": 247,
        "title": "small",
        "price": 35,
        "sale_price": 25,
        "quantity": "100",
        "is_disable": 0,
        "sku": "200101",
        "options": [
          {
            "name": "Available In",
            "value": "small"
          }
        ]
      },
      {
        "id": 248,
        "title": "medium",
        "price": 40,
        "sale_price": 32,
        "quantity": "35",
        "is_disable": 0,
        "sku": "200102",
        "options": [
          {
            "name": "Available In",
            "value": "medium"
          }
        ]
      },
      {
        "id": 249,
        "title": "large",
        "price": 50,
        "sale_price": 0,
        "quantity": "35",
        "is_disable": 0,
        "sku": "200103",
        "options": [
          {
            "name": "Available In",
            "value": "large"
          }
        ]
      }
    ]
  },
  {
    "id": "c9",
    "name": "SkinnyPop Popcorn SkinnyPack Original",
    "slug": "skinnyPop-popcorn-skinnyPack-original",
    "description": "Sugar, Unbleached Enriched Flour (Wheat Flour, Niacin, Reduced Iron, Thiamine Mononitrate Vitamin B1 , Riboflavin Vitamin B2 , Folic Acid), Palm and/or Canola Oil, Cocoa (Processed with Alkali), High Fructose Corn Syrup, Leavening (Baking Soda and/or Calcium Phosphate), Cornstarch, Salt, Soy Lecithin, Vanillin--an Artificial Flavor, Chocolate.",
    "image": {
      "id": 1,
      "thumbnail": "/assets/images/products/p-30.png",
      "original": "/assets/images/products/p-30-m.png"
    },
    "gallery": [
      {
        "id": 1,
        "thumbnail": "/assets/images/products/p-30-1.png",
        "original": "/assets/images/products/p-30-1.png"
      },
      {
        "id": 2,
        "thumbnail": "/assets/images/products/p-30-2.png",
        "original": "/assets/images/products/p-30-2.png"
      },
      {
        "id": 3,
        "thumbnail": "/assets/images/products/p-30-3.png",
        "original": "/assets/images/products/p-30-3.png"
      }
    ],
    "quantity": 170,
    "price": null,
    "sale_price": null,
    "unit": "1 each",
    "tag": [
      {
        "id": 1,
        "name": "Fast Food",
        "slug": "fast-food"
      },
      {
        "id": 2,
        "name": "Organic Corn",
        "slug": "organic_corn"
      },
      {
        "id": 3,
        "name": "Flavoured",
        "slug": "flavoured"
      },
      {
        "id": 4,
        "name": "Dry Food",
        "slug": "dry-food"
      }
    ],
    "product_type": "variable",
    "max_price": 25,
    "min_price": 15,
    "variations": [
      {
        "id": 8,
        "attribute_id": 3,
        "value": "small",
        "attribute": {
          "id": 3,
          "slug": "available-in",
          "name": "Available In",
          "values": [
            {
              "id": 8,
              "attribute_id": 3,
              "value": "small"
            },
            {
              "id": 9,
              "attribute_id": 3,
              "value": "medium"
            },
            {
              "id": 10,
              "attribute_id": 3,
              "value": "large"
            }
          ]
        }
      },
      {
        "id": 9,
        "attribute_id": 3,
        "value": "medium",
        "attribute": {
          "id": 3,
          "slug": "available-in",
          "name": "Available In",
          "values": [
            {
              "id": 8,
              "attribute_id": 3,
              "value": "small"
            },
            {
              "id": 9,
              "attribute_id": 3,
              "value": "medium"
            },
            {
              "id": 10,
              "attribute_id": 3,
              "value": "large"
            }
          ]
        }
      },
      {
        "id": 10,
        "attribute_id": 3,
        "value": "large",
        "attribute": {
          "id": 3,
          "slug": "available-in",
          "name": "Available In",
          "values": [
            {
              "id": 8,
              "attribute_id": 3,
              "value": "small"
            },
            {
              "id": 9,
              "attribute_id": 3,
              "value": "medium"
            },
            {
              "id": 10,
              "attribute_id": 3,
              "value": "large"
            }
          ]
        }
      }
    ],
    "variation_options": [
      {
        "id": 247,
        "title": "small",
        "price": 15,
        "sale_price": null,
        "quantity": "100",
        "is_disable": 0,
        "sku": "200101",
        "options": [
          {
            "name": "Available In",
            "value": "small"
          }
        ]
      },
      {
        "id": 248,
        "title": "medium",
        "price": 20,
        "sale_price": 18,
        "quantity": "35",
        "is_disable": 0,
        "sku": "200102",
        "options": [
          {
            "name": "Available In",
            "value": "medium"
          }
        ]
      },
      {
        "id": 249,
        "title": "large",
        "price": 25,
        "sale_price": 0,
        "quantity": "35",
        "is_disable": 0,
        "sku": "200103",
        "options": [
          {
            "name": "Available In",
            "value": "large"
          }
        ]
      }
    ]
  }
]
