[
  {
    "id": "popcorn1",
    "name": "SkinnyPop Popcorn SkinnyPack Original",
    "slug": "skinnyPop-popcorn-skinnyPack-original",
    "description": "Popcorn (popped corn, popcorns or pop-corn) may be a sort of corn kernel which expands and puffs up when heated; an equivalent names also are wont to ask the foodstuff produced by the expansion. A popcorn kernel's strong hull contains the seed's hard, starchy shell endosperm with 14–20% moisture, which turns to steam because the kernel is heated. Pressure from the steam continues to create until the hull ruptures, allowing the kernel to forcefully expand, to twenty to 50 times its original volume, then cool.Some strains of corn (taxonomized as Zea mays) are cultivated specifically as popping corns. The corn variety everta, a special quite flint maize , is that the commonest of those .",
    "image": {
      "id": 1,
      "thumbnail": "/assets/images/products/p-30.png",
      "original": "/assets/images/products/p-30-m.png"
    },
    "gallery": [
      {
        "id": 1,
        "thumbnail": "/assets/images/products/p-30-1.png",
        "original": "/assets/images/products/p-30-1.png"
      },
      {
        "id": 2,
        "thumbnail": "/assets/images/products/p-30-2.png",
        "original": "/assets/images/products/p-30-2.png"
      },
      {
        "id": 3,
        "thumbnail": "/assets/images/products/p-30-3.png",
        "original": "/assets/images/products/p-30-3.png"
      }
    ],
    "quantity": 170,
    "price": null,
    "sale_price": null,
    "unit": "1 each",
    "tag": [
      {
        "id": 1,
        "name": "Fast Food",
        "slug": "fast-food"
      },
      {
        "id": 2,
        "name": "Organic Corn",
        "slug": "organic_corn"
      },
      {
        "id": 3,
        "name": "Flavoured",
        "slug": "flavoured"
      },
      {
        "id": 4,
        "name": "Dry Food",
        "slug": "dry-food"
      }
    ],
    "product_type": "variable",
    "max_price": 25,
    "min_price": 15,
    "variations": [
      {
        "id": 8,
        "attribute_id": 3,
        "value": "small",
        "attribute": {
          "id": 3,
          "slug": "available-in",
          "name": "Available In",
          "values": [
            {
              "id": 8,
              "attribute_id": 3,
              "value": "small"
            },
            {
              "id": 9,
              "attribute_id": 3,
              "value": "medium"
            },
            {
              "id": 10,
              "attribute_id": 3,
              "value": "large"
            }
          ]
        }
      },
      {
        "id": 9,
        "attribute_id": 3,
        "value": "medium",
        "attribute": {
          "id": 3,
          "slug": "available-in",
          "name": "Available In",
          "values": [
            {
              "id": 8,
              "attribute_id": 3,
              "value": "small"
            },
            {
              "id": 9,
              "attribute_id": 3,
              "value": "medium"
            },
            {
              "id": 10,
              "attribute_id": 3,
              "value": "large"
            }
          ]
        }
      },
      {
        "id": 10,
        "attribute_id": 3,
        "value": "large",
        "attribute": {
          "id": 3,
          "slug": "available-in",
          "name": "Available In",
          "values": [
            {
              "id": 8,
              "attribute_id": 3,
              "value": "small"
            },
            {
              "id": 9,
              "attribute_id": 3,
              "value": "medium"
            },
            {
              "id": 10,
              "attribute_id": 3,
              "value": "large"
            }
          ]
        }
      }
    ],
    "variation_options": [
      {
        "id": 247,
        "title": "small",
        "price": 15,
        "sale_price": null,
        "quantity": "100",
        "is_disable": 0,
        "sku": "200101",
        "options": [
          {
            "name": "Available In",
            "value": "small"
          }
        ]
      },
      {
        "id": 248,
        "title": "medium",
        "price": 20,
        "sale_price": 18,
        "quantity": "35",
        "is_disable": 0,
        "sku": "200102",
        "options": [
          {
            "name": "Available In",
            "value": "medium"
          }
        ]
      },
      {
        "id": 249,
        "title": "large",
        "price": 25,
        "sale_price": 0,
        "quantity": "35",
        "is_disable": 0,
        "sku": "200103",
        "options": [
          {
            "name": "Available In",
            "value": "large"
          }
        ]
      }
    ]
  },
  {
    "id": "popcorn2",
    "name": "Angie's Sweet And Salty Kettle Corn",
    "slug": "angie's-sweet-and-salty-kettle-corn",
    "description": "Popcorn (popped corn, popcorns or pop-corn) may be a sort of corn kernel which expands and puffs up when heated; an equivalent names also are wont to ask the foodstuff produced by the expansion. A popcorn kernel's strong hull contains the seed's hard, starchy shell endosperm with 14–20% moisture, which turns to steam because the kernel is heated. Pressure from the steam continues to create until the hull ruptures, allowing the kernel to forcefully expand, to twenty to 50 times its original volume, then cool.Some strains of corn (taxonomized as Zea mays) are cultivated specifically as popping corns. The corn variety everta, a special quite flint maize , is that the commonest of those .",
    "image": {
      "id": 1,
      "thumbnail": "/assets/images/products/p-31.png",
      "original": "/assets/images/products/p-31-m.png"
    },
    "gallery": [
      {
        "id": 1,
        "thumbnail": "/assets/images/products/p-31-1.png",
        "original": "/assets/images/products/p-31-1.png"
      },
      {
        "id": 2,
        "thumbnail": "/assets/images/products/p-31-2.png",
        "original": "/assets/images/products/p-31-2.png"
      },
      {
        "id": 3,
        "thumbnail": "/assets/images/products/p-31-3.png",
        "original": "/assets/images/products/p-31-3.png"
      }
    ],
    "quantity": 170,
    "price": null,
    "sale_price": null,
    "unit": "1 each",
    "tag": [
      {
        "id": 1,
        "name": "Fast Food",
        "slug": "fast-food"
      },
      {
        "id": 2,
        "name": "Organic Corn",
        "slug": "organic_corn"
      },
      {
        "id": 3,
        "name": "Flavoured",
        "slug": "flavoured"
      },
      {
        "id": 4,
        "name": "Dry Food",
        "slug": "dry-food"
      }
    ],
    "product_type": "variable",
    "max_price": 20,
    "min_price": 10,
    "variations": [
      {
        "id": 8,
        "attribute_id": 3,
        "value": "small",
        "attribute": {
          "id": 3,
          "slug": "available-in",
          "name": "Available In",
          "values": [
            {
              "id": 8,
              "attribute_id": 3,
              "value": "small"
            },
            {
              "id": 9,
              "attribute_id": 3,
              "value": "medium"
            },
            {
              "id": 10,
              "attribute_id": 3,
              "value": "large"
            }
          ]
        }
      },
      {
        "id": 9,
        "attribute_id": 3,
        "value": "medium",
        "attribute": {
          "id": 3,
          "slug": "available-in",
          "name": "Available In",
          "values": [
            {
              "id": 8,
              "attribute_id": 3,
              "value": "small"
            },
            {
              "id": 9,
              "attribute_id": 3,
              "value": "medium"
            },
            {
              "id": 10,
              "attribute_id": 3,
              "value": "large"
            }
          ]
        }
      },
      {
        "id": 10,
        "attribute_id": 3,
        "value": "large",
        "attribute": {
          "id": 3,
          "slug": "available-in",
          "name": "Available In",
          "values": [
            {
              "id": 8,
              "attribute_id": 3,
              "value": "small"
            },
            {
              "id": 9,
              "attribute_id": 3,
              "value": "medium"
            },
            {
              "id": 10,
              "attribute_id": 3,
              "value": "large"
            }
          ]
        }
      }
    ],
    "variation_options": [
      {
        "id": 247,
        "title": "small",
        "price": 12,
        "sale_price": 10,
        "quantity": "100",
        "is_disable": 0,
        "sku": "200101",
        "options": [
          {
            "name": "Available In",
            "value": "small"
          }
        ]
      },
      {
        "id": 248,
        "title": "medium",
        "price": 18,
        "sale_price": 15,
        "quantity": "35",
        "is_disable": 0,
        "sku": "200102",
        "options": [
          {
            "name": "Available In",
            "value": "medium"
          }
        ]
      },
      {
        "id": 249,
        "title": "large",
        "price": 20,
        "sale_price": 0,
        "quantity": "35",
        "is_disable": 0,
        "sku": "200103",
        "options": [
          {
            "name": "Available In",
            "value": "large"
          }
        ]
      }
    ]
  },
  {
    "id": "popcorn3",
    "name": "Smartfood White Cheddar Cheese Popcorn",
    "slug": "smartfood-white-cheddar-cheese-popcorn",
    "description": "Popcorn (popped corn, popcorns or pop-corn) may be a sort of corn kernel which expands and puffs up when heated; an equivalent names also are wont to ask the foodstuff produced by the expansion. A popcorn kernel's strong hull contains the seed's hard, starchy shell endosperm with 14–20% moisture, which turns to steam because the kernel is heated. Pressure from the steam continues to create until the hull ruptures, allowing the kernel to forcefully expand, to twenty to 50 times its original volume, then cool.Some strains of corn (taxonomized as Zea mays) are cultivated specifically as popping corns. The corn variety everta, a special quite flint maize , is that the commonest of those .",
    "image": {
      "id": 1,
      "thumbnail": "/assets/images/products/p-32.png",
      "original": "/assets/images/products/p-32-m.png"
    },
    "gallery": [
      {
        "id": 1,
        "thumbnail": "/assets/images/products/p-32-1.png",
        "original": "/assets/images/products/p-32-1.png"
      },
      {
        "id": 2,
        "thumbnail": "/assets/images/products/p-32-2.png",
        "original": "/assets/images/products/p-32-2.png"
      },
      {
        "id": 3,
        "thumbnail": "/assets/images/products/p-32-3.png",
        "original": "/assets/images/products/p-32-3.png"
      }
    ],
    "quantity": 170,
    "price": null,
    "sale_price": null,
    "unit": "1 each",
    "tag": [
      {
        "id": 1,
        "name": "Fast Food",
        "slug": "fast-food"
      },
      {
        "id": 2,
        "name": "Organic Corn",
        "slug": "organic_corn"
      },
      {
        "id": 3,
        "name": "Flavoured",
        "slug": "flavoured"
      },
      {
        "id": 4,
        "name": "Dry Food",
        "slug": "dry-food"
      }
    ],
    "product_type": "variable",
    "max_price": 40,
    "min_price": 15,
    "variations": [
      {
        "id": 8,
        "attribute_id": 3,
        "value": "small",
        "attribute": {
          "id": 3,
          "slug": "available-in",
          "name": "Available In",
          "values": [
            {
              "id": 8,
              "attribute_id": 3,
              "value": "small"
            },
            {
              "id": 9,
              "attribute_id": 3,
              "value": "medium"
            },
            {
              "id": 10,
              "attribute_id": 3,
              "value": "large"
            }
          ]
        }
      },
      {
        "id": 9,
        "attribute_id": 3,
        "value": "medium",
        "attribute": {
          "id": 3,
          "slug": "available-in",
          "name": "Available In",
          "values": [
            {
              "id": 8,
              "attribute_id": 3,
              "value": "small"
            },
            {
              "id": 9,
              "attribute_id": 3,
              "value": "medium"
            },
            {
              "id": 10,
              "attribute_id": 3,
              "value": "large"
            }
          ]
        }
      },
      {
        "id": 10,
        "attribute_id": 3,
        "value": "large",
        "attribute": {
          "id": 3,
          "slug": "available-in",
          "name": "Available In",
          "values": [
            {
              "id": 8,
              "attribute_id": 3,
              "value": "small"
            },
            {
              "id": 9,
              "attribute_id": 3,
              "value": "medium"
            },
            {
              "id": 10,
              "attribute_id": 3,
              "value": "large"
            }
          ]
        }
      }
    ],
    "variation_options": [
      {
        "id": 247,
        "title": "small",
        "price": 15,
        "sale_price": null,
        "quantity": "100",
        "is_disable": 0,
        "sku": "200101",
        "options": [
          {
            "name": "Available In",
            "value": "small"
          }
        ]
      },
      {
        "id": 248,
        "title": "medium",
        "price": 30,
        "sale_price": 20,
        "quantity": "35",
        "is_disable": 0,
        "sku": "200102",
        "options": [
          {
            "name": "Available In",
            "value": "medium"
          }
        ]
      },
      {
        "id": 249,
        "title": "large",
        "price": 40,
        "sale_price": null,
        "quantity": "35",
        "is_disable": 0,
        "sku": "200103",
        "options": [
          {
            "name": "Available In",
            "value": "large"
          }
        ]
      }
    ]
  },
  {
    "id": "popcorn4",
    "name": "Pop Secret Movie Theater Butter Microwave Popcorn",
    "slug": "pop-secret-movie-theater-butter-microwave-popcorn",
    "description": "Popcorn (popped corn, popcorns or pop-corn) may be a sort of corn kernel which expands and puffs up when heated; an equivalent names also are wont to ask the foodstuff produced by the expansion. A popcorn kernel's strong hull contains the seed's hard, starchy shell endosperm with 14–20% moisture, which turns to steam because the kernel is heated. Pressure from the steam continues to create until the hull ruptures, allowing the kernel to forcefully expand, to twenty to 50 times its original volume, then cool.Some strains of corn (taxonomized as Zea mays) are cultivated specifically as popping corns. The corn variety everta, a special quite flint maize , is that the commonest of those .",
    "image": {
      "id": 1,
      "thumbnail": "/assets/images/products/p-33.png",
      "original": "/assets/images/products/p-33-m.png"
    },
    "gallery": [
      {
        "id": 1,
        "thumbnail": "/assets/images/products/p-33-1.png",
        "original": "/assets/images/products/p-33-1.png"
      },
      {
        "id": 2,
        "thumbnail": "/assets/images/products/p-33-2.png",
        "original": "/assets/images/products/p-33-2.png"
      },
      {
        "id": 3,
        "thumbnail": "/assets/images/products/p-33-3.png",
        "original": "/assets/images/products/p-33-3.png"
      }
    ],
    "quantity": 170,
    "price": null,
    "sale_price": null,
    "unit": "1 each",
    "tag": [
      {
        "id": 1,
        "name": "Fast Food",
        "slug": "fast-food"
      },
      {
        "id": 2,
        "name": "Organic Corn",
        "slug": "organic_corn"
      },
      {
        "id": 3,
        "name": "Flavoured",
        "slug": "flavoured"
      },
      {
        "id": 4,
        "name": "Dry Food",
        "slug": "dry-food"
      }
    ],
    "product_type": "variable",
    "max_price": 25,
    "min_price": 15,
    "variations": [
      {
        "id": 8,
        "attribute_id": 3,
        "value": "small",
        "attribute": {
          "id": 3,
          "slug": "available-in",
          "name": "Available In",
          "values": [
            {
              "id": 8,
              "attribute_id": 3,
              "value": "small"
            },
            {
              "id": 9,
              "attribute_id": 3,
              "value": "medium"
            },
            {
              "id": 10,
              "attribute_id": 3,
              "value": "large"
            }
          ]
        }
      },
      {
        "id": 9,
        "attribute_id": 3,
        "value": "medium",
        "attribute": {
          "id": 3,
          "slug": "available-in",
          "name": "Available In",
          "values": [
            {
              "id": 8,
              "attribute_id": 3,
              "value": "small"
            },
            {
              "id": 9,
              "attribute_id": 3,
              "value": "medium"
            },
            {
              "id": 10,
              "attribute_id": 3,
              "value": "large"
            }
          ]
        }
      },
      {
        "id": 10,
        "attribute_id": 3,
        "value": "large",
        "attribute": {
          "id": 3,
          "slug": "available-in",
          "name": "Available In",
          "values": [
            {
              "id": 8,
              "attribute_id": 3,
              "value": "small"
            },
            {
              "id": 9,
              "attribute_id": 3,
              "value": "medium"
            },
            {
              "id": 10,
              "attribute_id": 3,
              "value": "large"
            }
          ]
        }
      }
    ],
    "variation_options": [
      {
        "id": 247,
        "title": "small",
        "price": 15,
        "sale_price": null,
        "quantity": "100",
        "is_disable": 0,
        "sku": "200101",
        "options": [
          {
            "name": "Available In",
            "value": "small"
          }
        ]
      },
      {
        "id": 248,
        "title": "medium",
        "price": 20,
        "sale_price": 18,
        "quantity": "35",
        "is_disable": 0,
        "sku": "200102",
        "options": [
          {
            "name": "Available In",
            "value": "medium"
          }
        ]
      },
      {
        "id": 249,
        "title": "large",
        "price": 25,
        "sale_price": 0,
        "quantity": "35",
        "is_disable": 0,
        "sku": "200103",
        "options": [
          {
            "name": "Available In",
            "value": "large"
          }
        ]
      }
    ]
  },
  {
    "id": "popcorn5",
    "name": "Orville Redenbacher's Kettle Corn",
    "slug": "orville-redenbacher's-kettle-corn",
    "description": "Popcorn (popped corn, popcorns or pop-corn) may be a sort of corn kernel which expands and puffs up when heated; an equivalent names also are wont to ask the foodstuff produced by the expansion. A popcorn kernel's strong hull contains the seed's hard, starchy shell endosperm with 14–20% moisture, which turns to steam because the kernel is heated. Pressure from the steam continues to create until the hull ruptures, allowing the kernel to forcefully expand, to twenty to 50 times its original volume, then cool.Some strains of corn (taxonomized as Zea mays) are cultivated specifically as popping corns. The corn variety everta, a special quite flint maize , is that the commonest of those .",
    "image": {
      "id": 1,
      "thumbnail": "/assets/images/products/p-34.png",
      "original": "/assets/images/products/p-34-m.png"
    },
    "gallery": [
      {
        "id": 1,
        "thumbnail": "/assets/images/products/p-34-1.png",
        "original": "/assets/images/products/p-34-1.png"
      },
      {
        "id": 2,
        "thumbnail": "/assets/images/products/p-34-2.png",
        "original": "/assets/images/products/p-34-2.png"
      },
      {
        "id": 3,
        "thumbnail": "/assets/images/products/p-34-3.png",
        "original": "/assets/images/products/p-34-3.png"
      }
    ],
    "quantity": 170,
    "price": null,
    "sale_price": null,
    "unit": "1 each",
    "tag": [
      {
        "id": 1,
        "name": "Fast Food",
        "slug": "fast-food"
      },
      {
        "id": 2,
        "name": "Organic Corn",
        "slug": "organic_corn"
      },
      {
        "id": 3,
        "name": "Flavoured",
        "slug": "flavoured"
      },
      {
        "id": 4,
        "name": "Dry Food",
        "slug": "dry-food"
      }
    ],
    "product_type": "variable",
    "max_price": 15,
    "min_price": 8,
    "variations": [
      {
        "id": 8,
        "attribute_id": 3,
        "value": "small",
        "attribute": {
          "id": 3,
          "slug": "available-in",
          "name": "Available In",
          "values": [
            {
              "id": 8,
              "attribute_id": 3,
              "value": "small"
            },
            {
              "id": 9,
              "attribute_id": 3,
              "value": "medium"
            },
            {
              "id": 10,
              "attribute_id": 3,
              "value": "large"
            }
          ]
        }
      },
      {
        "id": 9,
        "attribute_id": 3,
        "value": "medium",
        "attribute": {
          "id": 3,
          "slug": "available-in",
          "name": "Available In",
          "values": [
            {
              "id": 8,
              "attribute_id": 3,
              "value": "small"
            },
            {
              "id": 9,
              "attribute_id": 3,
              "value": "medium"
            },
            {
              "id": 10,
              "attribute_id": 3,
              "value": "large"
            }
          ]
        }
      },
      {
        "id": 10,
        "attribute_id": 3,
        "value": "large",
        "attribute": {
          "id": 3,
          "slug": "available-in",
          "name": "Available In",
          "values": [
            {
              "id": 8,
              "attribute_id": 3,
              "value": "small"
            },
            {
              "id": 9,
              "attribute_id": 3,
              "value": "medium"
            },
            {
              "id": 10,
              "attribute_id": 3,
              "value": "large"
            }
          ]
        }
      }
    ],
    "variation_options": [
      {
        "id": 247,
        "title": "small",
        "price": 8,
        "sale_price": null,
        "quantity": "100",
        "is_disable": 0,
        "sku": "200101",
        "options": [
          {
            "name": "Available In",
            "value": "small"
          }
        ]
      },
      {
        "id": 248,
        "title": "medium",
        "price": 12,
        "sale_price": 10,
        "quantity": "35",
        "is_disable": 0,
        "sku": "200102",
        "options": [
          {
            "name": "Available In",
            "value": "medium"
          }
        ]
      },
      {
        "id": 249,
        "title": "large",
        "price": 15,
        "sale_price": 0,
        "quantity": "35",
        "is_disable": 0,
        "sku": "200103",
        "options": [
          {
            "name": "Available In",
            "value": "large"
          }
        ]
      }
    ]
  },
  {
    "id": "popcorn6",
    "name": "PopCorners Popped-Corn Snacks, White Cheddar",
    "slug": "popCorners-popped-corn-snacks-white-cheddar",
    "description": "Popcorn (popped corn, popcorns or pop-corn) may be a sort of corn kernel which expands and puffs up when heated; an equivalent names also are wont to ask the foodstuff produced by the expansion. A popcorn kernel's strong hull contains the seed's hard, starchy shell endosperm with 14–20% moisture, which turns to steam because the kernel is heated. Pressure from the steam continues to create until the hull ruptures, allowing the kernel to forcefully expand, to twenty to 50 times its original volume, then cool.Some strains of corn (taxonomized as Zea mays) are cultivated specifically as popping corns. The corn variety everta, a special quite flint maize , is that the commonest of those .",
    "image": {
      "id": 1,
      "thumbnail": "/assets/images/products/p-35.png",
      "original": "/assets/images/products/p-35-m.png"
    },
    "gallery": [
      {
        "id": 1,
        "thumbnail": "/assets/images/products/p-35-1.png",
        "original": "/assets/images/products/p-35-1.png"
      },
      {
        "id": 2,
        "thumbnail": "/assets/images/products/p-35-2.png",
        "original": "/assets/images/products/p-35-2.png"
      },
      {
        "id": 3,
        "thumbnail": "/assets/images/products/p-35-3.png",
        "original": "/assets/images/products/p-35-3.png"
      }
    ],
    "quantity": 170,
    "price": null,
    "sale_price": null,
    "unit": "1 each",
    "tag": [
      {
        "id": 1,
        "name": "Fast Food",
        "slug": "fast-food"
      },
      {
        "id": 2,
        "name": "Organic Corn",
        "slug": "organic_corn"
      },
      {
        "id": 3,
        "name": "Flavoured",
        "slug": "flavoured"
      },
      {
        "id": 4,
        "name": "Dry Food",
        "slug": "dry-food"
      }
    ],
    "product_type": "variable",
    "max_price": 35,
    "min_price": 20,
    "variations": [
      {
        "id": 8,
        "attribute_id": 3,
        "value": "small",
        "attribute": {
          "id": 3,
          "slug": "available-in",
          "name": "Available In",
          "values": [
            {
              "id": 8,
              "attribute_id": 3,
              "value": "small"
            },
            {
              "id": 9,
              "attribute_id": 3,
              "value": "medium"
            },
            {
              "id": 10,
              "attribute_id": 3,
              "value": "large"
            }
          ]
        }
      },
      {
        "id": 9,
        "attribute_id": 3,
        "value": "medium",
        "attribute": {
          "id": 3,
          "slug": "available-in",
          "name": "Available In",
          "values": [
            {
              "id": 8,
              "attribute_id": 3,
              "value": "small"
            },
            {
              "id": 9,
              "attribute_id": 3,
              "value": "medium"
            },
            {
              "id": 10,
              "attribute_id": 3,
              "value": "large"
            }
          ]
        }
      },
      {
        "id": 10,
        "attribute_id": 3,
        "value": "large",
        "attribute": {
          "id": 3,
          "slug": "available-in",
          "name": "Available In",
          "values": [
            {
              "id": 8,
              "attribute_id": 3,
              "value": "small"
            },
            {
              "id": 9,
              "attribute_id": 3,
              "value": "medium"
            },
            {
              "id": 10,
              "attribute_id": 3,
              "value": "large"
            }
          ]
        }
      }
    ],
    "variation_options": [
      {
        "id": 247,
        "title": "small",
        "price": 25,
        "sale_price": 20,
        "quantity": "100",
        "is_disable": 0,
        "sku": "200101",
        "options": [
          {
            "name": "Available In",
            "value": "small"
          }
        ]
      },
      {
        "id": 248,
        "title": "medium",
        "price": 30,
        "sale_price": 28,
        "quantity": "35",
        "is_disable": 0,
        "sku": "200102",
        "options": [
          {
            "name": "Available In",
            "value": "medium"
          }
        ]
      },
      {
        "id": 249,
        "title": "large",
        "price": 35,
        "sale_price": 0,
        "quantity": "35",
        "is_disable": 0,
        "sku": "200103",
        "options": [
          {
            "name": "Available In",
            "value": "large"
          }
        ]
      }
    ]
  },
  {
    "id": "popcorn7",
    "name": "Signature Select Yellow Corn Kernels",
    "slug": "signature-select-yellow-corn-kernels",
    "description": "Popcorn (popped corn, popcorns or pop-corn) may be a sort of corn kernel which expands and puffs up when heated; an equivalent names also are wont to ask the foodstuff produced by the expansion. A popcorn kernel's strong hull contains the seed's hard, starchy shell endosperm with 14–20% moisture, which turns to steam because the kernel is heated. Pressure from the steam continues to create until the hull ruptures, allowing the kernel to forcefully expand, to twenty to 50 times its original volume, then cool.Some strains of corn (taxonomized as Zea mays) are cultivated specifically as popping corns. The corn variety everta, a special quite flint maize , is that the commonest of those .",
    "image": {
      "id": 1,
      "thumbnail": "/assets/images/products/p-36.png",
      "original": "/assets/images/products/p-36-m.png"
    },
    "gallery": [
      {
        "id": 1,
        "thumbnail": "/assets/images/products/p-36-1.png",
        "original": "/assets/images/products/p-36-1.png"
      },
      {
        "id": 2,
        "thumbnail": "/assets/images/products/p-36-2.png",
        "original": "/assets/images/products/p-36-2.png"
      },
      {
        "id": 3,
        "thumbnail": "/assets/images/products/p-36-3.png",
        "original": "/assets/images/products/p-36-3.png"
      }
    ],
    "quantity": 170,
    "price": null,
    "sale_price": null,
    "unit": "1 each",
    "tag": [
      {
        "id": 1,
        "name": "Fast Food",
        "slug": "fast-food"
      },
      {
        "id": 2,
        "name": "Organic Corn",
        "slug": "organic_corn"
      },
      {
        "id": 3,
        "name": "Flavoured",
        "slug": "flavoured"
      },
      {
        "id": 4,
        "name": "Dry Food",
        "slug": "dry-food"
      }
    ],
    "product_type": "variable",
    "max_price": 25,
    "min_price": 15,
    "variations": [
      {
        "id": 8,
        "attribute_id": 3,
        "value": "small",
        "attribute": {
          "id": 3,
          "slug": "available-in",
          "name": "Available In",
          "values": [
            {
              "id": 8,
              "attribute_id": 3,
              "value": "small"
            },
            {
              "id": 9,
              "attribute_id": 3,
              "value": "medium"
            },
            {
              "id": 10,
              "attribute_id": 3,
              "value": "large"
            }
          ]
        }
      },
      {
        "id": 9,
        "attribute_id": 3,
        "value": "medium",
        "attribute": {
          "id": 3,
          "slug": "available-in",
          "name": "Available In",
          "values": [
            {
              "id": 8,
              "attribute_id": 3,
              "value": "small"
            },
            {
              "id": 9,
              "attribute_id": 3,
              "value": "medium"
            },
            {
              "id": 10,
              "attribute_id": 3,
              "value": "large"
            }
          ]
        }
      },
      {
        "id": 10,
        "attribute_id": 3,
        "value": "large",
        "attribute": {
          "id": 3,
          "slug": "available-in",
          "name": "Available In",
          "values": [
            {
              "id": 8,
              "attribute_id": 3,
              "value": "small"
            },
            {
              "id": 9,
              "attribute_id": 3,
              "value": "medium"
            },
            {
              "id": 10,
              "attribute_id": 3,
              "value": "large"
            }
          ]
        }
      }
    ],
    "variation_options": [
      {
        "id": 247,
        "title": "small",
        "price": 15,
        "sale_price": null,
        "quantity": "100",
        "is_disable": 0,
        "sku": "200101",
        "options": [
          {
            "name": "Available In",
            "value": "small"
          }
        ]
      },
      {
        "id": 248,
        "title": "medium",
        "price": 20,
        "sale_price": 18,
        "quantity": "35",
        "is_disable": 0,
        "sku": "200102",
        "options": [
          {
            "name": "Available In",
            "value": "medium"
          }
        ]
      },
      {
        "id": 249,
        "title": "large",
        "price": 25,
        "sale_price": 0,
        "quantity": "35",
        "is_disable": 0,
        "sku": "200103",
        "options": [
          {
            "name": "Available In",
            "value": "large"
          }
        ]
      }
    ]
  },
  {
    "id": "popcorn8",
    "name": "O Organics Popcorn, Organic, Butter ",
    "slug": "o-organics-popcorn-organic-butter",
    "description": "Popcorn (popped corn, popcorns or pop-corn) may be a sort of corn kernel which expands and puffs up when heated; an equivalent names also are wont to ask the foodstuff produced by the expansion. A popcorn kernel's strong hull contains the seed's hard, starchy shell endosperm with 14–20% moisture, which turns to steam because the kernel is heated. Pressure from the steam continues to create until the hull ruptures, allowing the kernel to forcefully expand, to twenty to 50 times its original volume, then cool.Some strains of corn (taxonomized as Zea mays) are cultivated specifically as popping corns. The corn variety everta, a special quite flint maize , is that the commonest of those .",
    "image": {
      "id": 1,
      "thumbnail": "/assets/images/products/p-37.png",
      "original": "/assets/images/products/p-37-m.png"
    },
    "gallery": [
      {
        "id": 1,
        "thumbnail": "/assets/images/products/p-37-1.png",
        "original": "/assets/images/products/p-37-1.png"
      },
      {
        "id": 2,
        "thumbnail": "/assets/images/products/p-37-2.png",
        "original": "/assets/images/products/p-37-2.png"
      },
      {
        "id": 3,
        "thumbnail": "/assets/images/products/p-37-3.png",
        "original": "/assets/images/products/p-37-3.png"
      }
    ],
    "quantity": 170,
    "price": null,
    "sale_price": null,
    "unit": "1 each",
    "tag": [
      {
        "id": 1,
        "name": "Fast Food",
        "slug": "fast-food"
      },
      {
        "id": 2,
        "name": "Organic Corn",
        "slug": "organic_corn"
      },
      {
        "id": 3,
        "name": "Flavoured",
        "slug": "flavoured"
      },
      {
        "id": 4,
        "name": "Dry Food",
        "slug": "dry-food"
      }
    ],
    "product_type": "variable",
    "max_price": 50,
    "min_price": 25,
    "variations": [
      {
        "id": 8,
        "attribute_id": 3,
        "value": "small",
        "attribute": {
          "id": 3,
          "slug": "available-in",
          "name": "Available In",
          "values": [
            {
              "id": 8,
              "attribute_id": 3,
              "value": "small"
            },
            {
              "id": 9,
              "attribute_id": 3,
              "value": "medium"
            },
            {
              "id": 10,
              "attribute_id": 3,
              "value": "large"
            }
          ]
        }
      },
      {
        "id": 9,
        "attribute_id": 3,
        "value": "medium",
        "attribute": {
          "id": 3,
          "slug": "available-in",
          "name": "Available In",
          "values": [
            {
              "id": 8,
              "attribute_id": 3,
              "value": "small"
            },
            {
              "id": 9,
              "attribute_id": 3,
              "value": "medium"
            },
            {
              "id": 10,
              "attribute_id": 3,
              "value": "large"
            }
          ]
        }
      },
      {
        "id": 10,
        "attribute_id": 3,
        "value": "large",
        "attribute": {
          "id": 3,
          "slug": "available-in",
          "name": "Available In",
          "values": [
            {
              "id": 8,
              "attribute_id": 3,
              "value": "small"
            },
            {
              "id": 9,
              "attribute_id": 3,
              "value": "medium"
            },
            {
              "id": 10,
              "attribute_id": 3,
              "value": "large"
            }
          ]
        }
      }
    ],
    "variation_options": [
      {
        "id": 247,
        "title": "small",
        "price": 35,
        "sale_price": 25,
        "quantity": "100",
        "is_disable": 0,
        "sku": "200101",
        "options": [
          {
            "name": "Available In",
            "value": "small"
          }
        ]
      },
      {
        "id": 248,
        "title": "medium",
        "price": 40,
        "sale_price": 32,
        "quantity": "35",
        "is_disable": 0,
        "sku": "200102",
        "options": [
          {
            "name": "Available In",
            "value": "medium"
          }
        ]
      },
      {
        "id": 249,
        "title": "large",
        "price": 50,
        "sale_price": 0,
        "quantity": "35",
        "is_disable": 0,
        "sku": "200103",
        "options": [
          {
            "name": "Available In",
            "value": "large"
          }
        ]
      }
    ]
  },
  {
    "id": "popcorn9",
    "name": "Tate's Bake Shop Cookies, Chocolate Chip",
    "slug": "tate's-bake-shop-cookies-chocolate-chip",
    "description": "Popcorn (popped corn, popcorns or pop-corn) may be a sort of corn kernel which expands and puffs up when heated; an equivalent names also are wont to ask the foodstuff produced by the expansion. A popcorn kernel's strong hull contains the seed's hard, starchy shell endosperm with 14–20% moisture, which turns to steam because the kernel is heated. Pressure from the steam continues to create until the hull ruptures, allowing the kernel to forcefully expand, to twenty to 50 times its original volume, then cool.Some strains of corn (taxonomized as Zea mays) are cultivated specifically as popping corns. The corn variety everta, a special quite flint maize , is that the commonest of those .",
    "image": {
      "id": 1,
      "thumbnail": "/assets/images/products/p-24.png",
      "original": "/assets/images/products/p-24-m.png"
    },
    "gallery": [
      {
        "id": 1,
        "thumbnail": "/assets/images/products/p-24-1.png",
        "original": "/assets/images/products/p-24-1.png"
      },
      {
        "id": 2,
        "thumbnail": "/assets/images/products/p-24-2.png",
        "original": "/assets/images/products/p-24-2.png"
      },
      {
        "id": 3,
        "thumbnail": "/assets/images/products/p-24-3.png",
        "original": "/assets/images/products/p-24-3.png"
      }
    ],
    "quantity": 170,
    "price": null,
    "sale_price": null,
    "unit": "1 each",
    "tag": [
      {
        "id": 1,
        "name": "Fast Food",
        "slug": "fast-food"
      },
      {
        "id": 2,
        "name": "Organic Corn",
        "slug": "organic_corn"
      },
      {
        "id": 3,
        "name": "Flavoured",
        "slug": "flavoured"
      },
      {
        "id": 4,
        "name": "Dry Food",
        "slug": "dry-food"
      }
    ],
    "product_type": "variable",
    "max_price": 25,
    "min_price": 15,
    "variations": [
      {
        "id": 8,
        "attribute_id": 3,
        "value": "small",
        "attribute": {
          "id": 3,
          "slug": "available-in",
          "name": "Available In",
          "values": [
            {
              "id": 8,
              "attribute_id": 3,
              "value": "small"
            },
            {
              "id": 9,
              "attribute_id": 3,
              "value": "medium"
            },
            {
              "id": 10,
              "attribute_id": 3,
              "value": "large"
            }
          ]
        }
      },
      {
        "id": 9,
        "attribute_id": 3,
        "value": "medium",
        "attribute": {
          "id": 3,
          "slug": "available-in",
          "name": "Available In",
          "values": [
            {
              "id": 8,
              "attribute_id": 3,
              "value": "small"
            },
            {
              "id": 9,
              "attribute_id": 3,
              "value": "medium"
            },
            {
              "id": 10,
              "attribute_id": 3,
              "value": "large"
            }
          ]
        }
      },
      {
        "id": 10,
        "attribute_id": 3,
        "value": "large",
        "attribute": {
          "id": 3,
          "slug": "available-in",
          "name": "Available In",
          "values": [
            {
              "id": 8,
              "attribute_id": 3,
              "value": "small"
            },
            {
              "id": 9,
              "attribute_id": 3,
              "value": "medium"
            },
            {
              "id": 10,
              "attribute_id": 3,
              "value": "large"
            }
          ]
        }
      }
    ],
    "variation_options": [
      {
        "id": 247,
        "title": "small",
        "price": 15,
        "sale_price": null,
        "quantity": "100",
        "is_disable": 0,
        "sku": "200101",
        "options": [
          {
            "name": "Available In",
            "value": "small"
          }
        ]
      },
      {
        "id": 248,
        "title": "medium",
        "price": 20,
        "sale_price": 18,
        "quantity": "35",
        "is_disable": 0,
        "sku": "200102",
        "options": [
          {
            "name": "Available In",
            "value": "medium"
          }
        ]
      },
      {
        "id": 249,
        "title": "large",
        "price": 25,
        "sale_price": 0,
        "quantity": "35",
        "is_disable": 0,
        "sku": "200103",
        "options": [
          {
            "name": "Available In",
            "value": "large"
          }
        ]
      }
    ]
  }
]