[
  {
    "id": "chips1",
    "name": "Great Value Tortilla Chips, Cantina Style",
    "slug": "great-value-tortilla-chips-cantina-style",
    "description": "A chip (often just chip, or crisp in British and Irish English) may be a thin slice of potato that has been either deep fried or baked until crunchy. they're commonly served as a snack, side dish, or appetizer. the essential chips are cooked and salted; additional varieties are manufactured using various flavorings and ingredients including herbs, spices, cheeses, other natural flavors, artificial flavors, and additives.",
    "image": {
      "id": 1,
      "thumbnail": "/assets/images/products/p-14.png",
      "original": "/assets/images/products/p-14-m.png"
    },
    "gallery": [
      {
        "id": 1,
        "thumbnail": "/assets/images/products/p-14-1.png",
        "original": "/assets/images/products/p-14-1.png"
      },
      {
        "id": 2,
        "thumbnail": "/assets/images/products/p-14-2.png",
        "original": "/assets/images/products/p-14-2.png"
      },
      {
        "id": 3,
        "thumbnail": "/assets/images/products/p-14-3.png",
        "original": "/assets/images/products/p-14-3.png"
      }
    ],
    "quantity": 70,
    "price": null,
    "sale_price": null,
    "unit": "1 each",
    "tag": [
      {
        "id": 1,
        "name": "Fast Food",
        "slug": "fast-food"
      },
      {
        "id": 2,
        "name": "Organic Potato",
        "slug": "organic_potato"
      },
      {
        "id": 3,
        "name": "Flavoured",
        "slug": "flavoured"
      },
      {
        "id": 4,
        "name": "Dry Food",
        "slug": "dry-food"
      }
    ],
    "product_type": "variable",
    "max_price": 15,
    "min_price": 5,
    "variations": [
      {
        "id": 8,
        "attribute_id": 3,
        "value": "small",
        "attribute": {
          "id": 3,
          "slug": "available-in",
          "name": "Available In",
          "values": [
            {
              "id": 8,
              "attribute_id": 3,
              "value": "small"
            },
            {
              "id": 9,
              "attribute_id": 3,
              "value": "medium"
            },
            {
              "id": 10,
              "attribute_id": 3,
              "value": "large"
            }
          ]
        }
      },
      {
        "id": 9,
        "attribute_id": 3,
        "value": "medium",
        "attribute": {
          "id": 3,
          "slug": "available-in",
          "name": "Available In",
          "values": [
            {
              "id": 8,
              "attribute_id": 3,
              "value": "small"
            },
            {
              "id": 9,
              "attribute_id": 3,
              "value": "medium"
            },
            {
              "id": 10,
              "attribute_id": 3,
              "value": "large"
            }
          ]
        }
      },
      {
        "id": 10,
        "attribute_id": 3,
        "value": "large",
        "attribute": {
          "id": 3,
          "slug": "available-in",
          "name": "Available In",
          "values": [
            {
              "id": 8,
              "attribute_id": 3,
              "value": "small"
            },
            {
              "id": 9,
              "attribute_id": 3,
              "value": "medium"
            },
            {
              "id": 10,
              "attribute_id": 3,
              "value": "large"
            }
          ]
        }
      }
    ],
    "variation_options": [
      {
        "id": 247,
        "title": "small",
        "price": 5,
        "sale_price": null,
        "quantity": "10",
        "is_disable": 0,
        "sku": "200101",
        "options": [
          {
            "name": "Available In",
            "value": "small"
          }
        ]
      },
      {
        "id": 248,
        "title": "medium",
        "price": 10,
        "sale_price": 8,
        "quantity": "35",
        "is_disable": 0,
        "sku": "200102",
        "options": [
          {
            "name": "Available In",
            "value": "medium"
          }
        ]
      },
      {
        "id": 249,
        "title": "large",
        "price": 15,
        "sale_price": null,
        "quantity": "25",
        "is_disable": 0,
        "sku": "200103",
        "options": [
          {
            "name": "Available In",
            "value": "large"
          }
        ]
      }
    ]
  },
  {
    "id": "chips2",
    "name": "Frito Lay's Family Fun Mix Snacks",
    "slug": "frito-lay's-family-fun-mix-snacks",
    "description": "A chip (often just chip, or crisp in British and Irish English) may be a thin slice of potato that has been either deep fried or baked until crunchy. they're commonly served as a snack, side dish, or appetizer. the essential chips are cooked and salted; additional varieties are manufactured using various flavorings and ingredients including herbs, spices, cheeses, other natural flavors, artificial flavors, and additives.",
    "image": {
      "id": 1,
      "thumbnail": "/assets/images/products/p-15.png",
      "original": "/assets/images/products/p-15-m.png"
    },
    "gallery": [
      {
        "id": 1,
        "thumbnail": "/assets/images/products/p-15-1.png",
        "original": "/assets/images/products/p-15-1.png"
      },
      {
        "id": 2,
        "thumbnail": "/assets/images/products/p-15-2.png",
        "original": "/assets/images/products/p-15-2.png"
      }
    ],
    "quantity": 70,
    "price": 6.98,
    "sale_price": 6.20,
    "unit": "1 each",
    "tag": [
      {
        "id": 1,
        "name": "Fast food",
        "slug": "fast-food"
      },
      {
        "id": 2,
        "name": "Artificial",
        "slug": "artificial"
      },
      {
        "id": 3,
        "name": "Snacks",
        "slug": "snacks"
      },
      {
        "id": 4,
        "name": "Dry Food",
        "slug": "dry-food"
      }
    ]
  },
  {
    "id": "chips3",
    "name": "Lay's Kettle Cooked Mesquite Potato Chips",
    "slug": "lay's-kettle-cooked-mesquite-potato-chips",
    "description": "A chip (often just chip, or crisp in British and Irish English) may be a thin slice of potato that has been either deep fried or baked until crunchy. they're commonly served as a snack, side dish, or appetizer. the essential chips are cooked and salted; additional varieties are manufactured using various flavorings and ingredients including herbs, spices, cheeses, other natural flavors, artificial flavors, and additives.",
    "image": {
      "id": 1,
      "thumbnail": "/assets/images/products/p-16.png",
      "original": "/assets/images/products/p-16-m.png"
    },
    "gallery": [
      {
        "id": 1,
        "thumbnail": "/assets/images/products/p-16-1.png",
        "original": "/assets/images/products/p-16-1.png"
      },
      {
        "id": 2,
        "thumbnail": "/assets/images/products/p-16-2.png",
        "original": "/assets/images/products/p-16-2.png"
      },
      {
        "id": 3,
        "thumbnail": "/assets/images/products/p-16-3.png",
        "original": "/assets/images/products/p-16-3.png"
      }
    ],
    "quantity": 70,
    "price": null,
    "sale_price": null,
    "unit": "1 each",
    "tag": [
      {
        "id": 1,
        "name": "Fast Food",
        "slug": "fast-food"
      },
      {
        "id": 2,
        "name": "Organic Potato",
        "slug": "organic_potato"
      },
      {
        "id": 3,
        "name": "Flavoured",
        "slug": "flavoured"
      },
      {
        "id": 4,
        "name": "Dry Food",
        "slug": "dry-food"
      }
    ],
    "product_type": "variable",
    "max_price": 15,
    "min_price": 5,
    "variations": [
      {
        "id": 8,
        "attribute_id": 3,
        "value": "small",
        "attribute": {
          "id": 3,
          "slug": "available-in",
          "name": "Available In",
          "values": [
            {
              "id": 8,
              "attribute_id": 3,
              "value": "small"
            },
            {
              "id": 9,
              "attribute_id": 3,
              "value": "medium"
            },
            {
              "id": 10,
              "attribute_id": 3,
              "value": "large"
            }
          ]
        }
      },
      {
        "id": 9,
        "attribute_id": 3,
        "value": "medium",
        "attribute": {
          "id": 3,
          "slug": "available-in",
          "name": "Available In",
          "values": [
            {
              "id": 8,
              "attribute_id": 3,
              "value": "small"
            },
            {
              "id": 9,
              "attribute_id": 3,
              "value": "medium"
            },
            {
              "id": 10,
              "attribute_id": 3,
              "value": "large"
            }
          ]
        }
      },
      {
        "id": 10,
        "attribute_id": 3,
        "value": "large",
        "attribute": {
          "id": 3,
          "slug": "available-in",
          "name": "Available In",
          "values": [
            {
              "id": 8,
              "attribute_id": 3,
              "value": "small"
            },
            {
              "id": 9,
              "attribute_id": 3,
              "value": "medium"
            },
            {
              "id": 10,
              "attribute_id": 3,
              "value": "large"
            }
          ]
        }
      }
    ],
    "variation_options": [
      {
        "id": 247,
        "title": "small",
        "price": 5,
        "sale_price": null,
        "quantity": "10",
        "is_disable": 0,
        "sku": "200101",
        "options": [
          {
            "name": "Available In",
            "value": "small"
          }
        ]
      },
      {
        "id": 248,
        "title": "medium",
        "price": 10,
        "sale_price": 8,
        "quantity": "35",
        "is_disable": 0,
        "sku": "200102",
        "options": [
          {
            "name": "Available In",
            "value": "medium"
          }
        ]
      },
      {
        "id": 249,
        "title": "large",
        "price": 15,
        "sale_price": null,
        "quantity": "25",
        "is_disable": 0,
        "sku": "200103",
        "options": [
          {
            "name": "Available In",
            "value": "large"
          }
        ]
      }
    ]
  },
  {
    "id": "chips4",
    "name": "Lay's Bar-B-Que Potato Chips",
    "slug": "lay's-bar-b-que-potato-chips",
    "description": "A chip (often just chip, or crisp in British and Irish English) may be a thin slice of potato that has been either deep fried or baked until crunchy. they're commonly served as a snack, side dish, or appetizer. the essential chips are cooked and salted; additional varieties are manufactured using various flavorings and ingredients including herbs, spices, cheeses, other natural flavors, artificial flavors, and additives.",
    "image": {
      "id": 1,
      "thumbnail": "/assets/images/products/p-17.png",
      "original": "/assets/images/products/p-17-m.png"
    },
    "gallery": [
      {
        "id": 1,
        "thumbnail": "/assets/images/products/p-17-1.png",
        "original": "/assets/images/products/p-17-1.png"
      },
      {
        "id": 2,
        "thumbnail": "/assets/images/products/p-17-2.png",
        "original": "/assets/images/products/p-17-2.png"
      },
      {
        "id": 3,
        "thumbnail": "/assets/images/products/p-17-3.png",
        "original": "/assets/images/products/p-17-3.png"
      }
    ],
    "quantity": 70,
    "price": null,
    "sale_price": null,
    "unit": "1 each",
    "tag": [
      {
        "id": 1,
        "name": "Fast Food",
        "slug": "fast-food"
      },
      {
        "id": 2,
        "name": "Organic Potato",
        "slug": "organic_potato"
      },
      {
        "id": 3,
        "name": "Flavoured",
        "slug": "flavoured"
      },
      {
        "id": 4,
        "name": "Dry Food",
        "slug": "dry-food"
      }
    ],
    "product_type": "variable",
    "max_price": 15,
    "min_price": 5,
    "variations": [
      {
        "id": 8,
        "attribute_id": 3,
        "value": "small",
        "attribute": {
          "id": 3,
          "slug": "available-in",
          "name": "Available In",
          "values": [
            {
              "id": 8,
              "attribute_id": 3,
              "value": "small"
            },
            {
              "id": 9,
              "attribute_id": 3,
              "value": "medium"
            },
            {
              "id": 10,
              "attribute_id": 3,
              "value": "large"
            }
          ]
        }
      },
      {
        "id": 9,
        "attribute_id": 3,
        "value": "medium",
        "attribute": {
          "id": 3,
          "slug": "available-in",
          "name": "Available In",
          "values": [
            {
              "id": 8,
              "attribute_id": 3,
              "value": "small"
            },
            {
              "id": 9,
              "attribute_id": 3,
              "value": "medium"
            },
            {
              "id": 10,
              "attribute_id": 3,
              "value": "large"
            }
          ]
        }
      },
      {
        "id": 10,
        "attribute_id": 3,
        "value": "large",
        "attribute": {
          "id": 3,
          "slug": "available-in",
          "name": "Available In",
          "values": [
            {
              "id": 8,
              "attribute_id": 3,
              "value": "small"
            },
            {
              "id": 9,
              "attribute_id": 3,
              "value": "medium"
            },
            {
              "id": 10,
              "attribute_id": 3,
              "value": "large"
            }
          ]
        }
      }
    ],
    "variation_options": [
      {
        "id": 247,
        "title": "small",
        "price": 5,
        "sale_price": null,
        "quantity": "10",
        "is_disable": 0,
        "sku": "200101",
        "options": [
          {
            "name": "Available In",
            "value": "small"
          }
        ]
      },
      {
        "id": 248,
        "title": "medium",
        "price": 10,
        "sale_price": 8,
        "quantity": "35",
        "is_disable": 0,
        "sku": "200102",
        "options": [
          {
            "name": "Available In",
            "value": "medium"
          }
        ]
      },
      {
        "id": 249,
        "title": "large",
        "price": 15,
        "sale_price": 12,
        "quantity": "25",
        "is_disable": 0,
        "sku": "200103",
        "options": [
          {
            "name": "Available In",
            "value": "large"
          }
        ]
      }
    ]
  },
  {
    "id": "chips5",
    "name": "Chester's Fries Flamen Hot Corn Potato Snacks",
    "slug": "chester's-fries-flamen-hot-corn-potato-snacks",
    "description": "A chip (often just chip, or crisp in British and Irish English) may be a thin slice of potato that has been either deep fried or baked until crunchy. they're commonly served as a snack, side dish, or appetizer. the essential chips are cooked and salted; additional varieties are manufactured using various flavorings and ingredients including herbs, spices, cheeses, other natural flavors, artificial flavors, and additives.",
    "image": {
      "id": 1,
      "thumbnail": "/assets/images/products/p-18.png",
      "original": "/assets/images/products/p-18-m.png"
    },
    "gallery": [
      {
        "id": 1,
        "thumbnail": "/assets/images/products/p-18-1.png",
        "original": "/assets/images/products/p-18-1.png"
      },
      {
        "id": 2,
        "thumbnail": "/assets/images/products/p-18-2.png",
        "original": "/assets/images/products/p-18-2.png"
      },
      {
        "id": 3,
        "thumbnail": "/assets/images/products/p-18-3.png",
        "original": "/assets/images/products/p-18-3.png"
      }
    ],
    "quantity": 70,
    "price": null,
    "sale_price": null,
    "unit": "1 each",
    "tag": [
      {
        "id": 1,
        "name": "Fast Food",
        "slug": "fast-food"
      },
      {
        "id": 2,
        "name": "Organic Potato",
        "slug": "organic_potato"
      },
      {
        "id": 3,
        "name": "Flavoured",
        "slug": "flavoured"
      },
      {
        "id": 4,
        "name": "Dry Food",
        "slug": "dry-food"
      }
    ],
    "product_type": "variable",
    "max_price": 15,
    "min_price": 5,
    "variations": [
      {
        "id": 8,
        "attribute_id": 3,
        "value": "small",
        "attribute": {
          "id": 3,
          "slug": "available-in",
          "name": "Available In",
          "values": [
            {
              "id": 8,
              "attribute_id": 3,
              "value": "small"
            },
            {
              "id": 9,
              "attribute_id": 3,
              "value": "medium"
            },
            {
              "id": 10,
              "attribute_id": 3,
              "value": "large"
            }
          ]
        }
      },
      {
        "id": 9,
        "attribute_id": 3,
        "value": "medium",
        "attribute": {
          "id": 3,
          "slug": "available-in",
          "name": "Available In",
          "values": [
            {
              "id": 8,
              "attribute_id": 3,
              "value": "small"
            },
            {
              "id": 9,
              "attribute_id": 3,
              "value": "medium"
            },
            {
              "id": 10,
              "attribute_id": 3,
              "value": "large"
            }
          ]
        }
      },
      {
        "id": 10,
        "attribute_id": 3,
        "value": "large",
        "attribute": {
          "id": 3,
          "slug": "available-in",
          "name": "Available In",
          "values": [
            {
              "id": 8,
              "attribute_id": 3,
              "value": "small"
            },
            {
              "id": 9,
              "attribute_id": 3,
              "value": "medium"
            },
            {
              "id": 10,
              "attribute_id": 3,
              "value": "large"
            }
          ]
        }
      }
    ],
    "variation_options": [
      {
        "id": 247,
        "title": "small",
        "price": 5,
        "sale_price": null,
        "quantity": "10",
        "is_disable": 0,
        "sku": "200101",
        "options": [
          {
            "name": "Available In",
            "value": "small"
          }
        ]
      },
      {
        "id": 248,
        "title": "medium",
        "price": 10,
        "sale_price": 8,
        "quantity": "35",
        "is_disable": 0,
        "sku": "200102",
        "options": [
          {
            "name": "Available In",
            "value": "medium"
          }
        ]
      },
      {
        "id": 249,
        "title": "large",
        "price": 15,
        "sale_price": 12,
        "quantity": "25",
        "is_disable": 0,
        "sku": "200103",
        "options": [
          {
            "name": "Available In",
            "value": "large"
          }
        ]
      }
    ]
  },
  {
    "id": "chips6",
    "name": "Lay's Kettle Cooked Jalapeno Potato Chips",
    "slug": "lays-kettle-cooked-jalapeno-potato-chips",
    "description": "A chip (often just chip, or crisp in British and Irish English) may be a thin slice of potato that has been either deep fried or baked until crunchy. they're commonly served as a snack, side dish, or appetizer. the essential chips are cooked and salted; additional varieties are manufactured using various flavorings and ingredients including herbs, spices, cheeses, other natural flavors, artificial flavors, and additives.",
    "image": {
      "id": 1,
      "thumbnail": "/assets/images/products/p-19.png",
      "original": "/assets/images/products/p-19-m.png"
    },
    "gallery": [
      {
        "id": 1,
        "thumbnail": "/assets/images/products/p-19-1.png",
        "original": "/assets/images/products/p-19-1.png"
      },
      {
        "id": 2,
        "thumbnail": "/assets/images/products/p-19-2.png",
        "original": "/assets/images/products/p-19-2.png"
      },
      {
        "id": 3,
        "thumbnail": "/assets/images/products/p-19-3.png",
        "original": "/assets/images/products/p-19-3.png"
      }
    ],
    "quantity": 170,
    "price": null,
    "sale_price": null,
    "unit": "1 each",
    "tag": [
      {
        "id": 1,
        "name": "Fast Food",
        "slug": "fast-food"
      },
      {
        "id": 2,
        "name": "Organic Potato",
        "slug": "organic_potato"
      },
      {
        "id": 3,
        "name": "Flavoured",
        "slug": "flavoured"
      },
      {
        "id": 4,
        "name": "Dry Food",
        "slug": "dry-food"
      }
    ],
    "product_type": "variable",
    "max_price": 25,
    "min_price": 15,
    "variations": [
      {
        "id": 8,
        "attribute_id": 3,
        "value": "small",
        "attribute": {
          "id": 3,
          "slug": "available-in",
          "name": "Available In",
          "values": [
            {
              "id": 8,
              "attribute_id": 3,
              "value": "small"
            },
            {
              "id": 9,
              "attribute_id": 3,
              "value": "medium"
            },
            {
              "id": 10,
              "attribute_id": 3,
              "value": "large"
            }
          ]
        }
      },
      {
        "id": 9,
        "attribute_id": 3,
        "value": "medium",
        "attribute": {
          "id": 3,
          "slug": "available-in",
          "name": "Available In",
          "values": [
            {
              "id": 8,
              "attribute_id": 3,
              "value": "small"
            },
            {
              "id": 9,
              "attribute_id": 3,
              "value": "medium"
            },
            {
              "id": 10,
              "attribute_id": 3,
              "value": "large"
            }
          ]
        }
      },
      {
        "id": 10,
        "attribute_id": 3,
        "value": "large",
        "attribute": {
          "id": 3,
          "slug": "available-in",
          "name": "Available In",
          "values": [
            {
              "id": 8,
              "attribute_id": 3,
              "value": "small"
            },
            {
              "id": 9,
              "attribute_id": 3,
              "value": "medium"
            },
            {
              "id": 10,
              "attribute_id": 3,
              "value": "large"
            }
          ]
        }
      }
    ],
    "variation_options": [
      {
        "id": 247,
        "title": "small",
        "price": 15,
        "sale_price": null,
        "quantity": "100",
        "is_disable": 0,
        "sku": "200101",
        "options": [
          {
            "name": "Available In",
            "value": "small"
          }
        ]
      },
      {
        "id": 248,
        "title": "medium",
        "price": 20,
        "sale_price": 18,
        "quantity": "35",
        "is_disable": 0,
        "sku": "200102",
        "options": [
          {
            "name": "Available In",
            "value": "medium"
          }
        ]
      },
      {
        "id": 249,
        "title": "large",
        "price": 25,
        "sale_price": 0,
        "quantity": "35",
        "is_disable": 0,
        "sku": "200103",
        "options": [
          {
            "name": "Available In",
            "value": "large"
          }
        ]
      }
    ]
  },
  {
    "id": "chips7",
    "name": "Ruffles Party Size Cheddar & Sour Cream",
    "slug": "ruffles-party-size-cheddar-sour-cream",
    "description": "A chip (often just chip, or crisp in British and Irish English) may be a thin slice of potato that has been either deep fried or baked until crunchy. they're commonly served as a snack, side dish, or appetizer. the essential chips are cooked and salted; additional varieties are manufactured using various flavorings and ingredients including herbs, spices, cheeses, other natural flavors, artificial flavors, and additives.",
    "image": {
      "id": 1,
      "thumbnail": "/assets/images/products/p-20.png",
      "original": "/assets/images/products/p-20-m.png"
    },
    "gallery": [
      {
        "id": 1,
        "thumbnail": "/assets/images/products/p-20-1.png",
        "original": "/assets/images/products/p-20-1.png"
      },
      {
        "id": 2,
        "thumbnail": "/assets/images/products/p-20-2.png",
        "original": "/assets/images/products/p-20-2.png"
      },
      {
        "id": 3,
        "thumbnail": "/assets/images/products/p-20-3.png",
        "original": "/assets/images/products/p-20-3.png"
      }
    ],
    "quantity": 170,
    "price": null,
    "sale_price": null,
    "unit": "1 each",
    "tag": [
      {
        "id": 1,
        "name": "Fast Food",
        "slug": "fast-food"
      },
      {
        "id": 2,
        "name": "Organic Potato",
        "slug": "organic_potato"
      },
      {
        "id": 3,
        "name": "Flavoured",
        "slug": "flavoured"
      },
      {
        "id": 4,
        "name": "Dry Food",
        "slug": "dry-food"
      }
    ],
    "product_type": "variable",
    "max_price": 25,
    "min_price": 15,
    "variations": [
      {
        "id": 8,
        "attribute_id": 3,
        "value": "small",
        "attribute": {
          "id": 3,
          "slug": "available-in",
          "name": "Available In",
          "values": [
            {
              "id": 8,
              "attribute_id": 3,
              "value": "small"
            },
            {
              "id": 9,
              "attribute_id": 3,
              "value": "medium"
            },
            {
              "id": 10,
              "attribute_id": 3,
              "value": "large"
            }
          ]
        }
      },
      {
        "id": 9,
        "attribute_id": 3,
        "value": "medium",
        "attribute": {
          "id": 3,
          "slug": "available-in",
          "name": "Available In",
          "values": [
            {
              "id": 8,
              "attribute_id": 3,
              "value": "small"
            },
            {
              "id": 9,
              "attribute_id": 3,
              "value": "medium"
            },
            {
              "id": 10,
              "attribute_id": 3,
              "value": "large"
            }
          ]
        }
      },
      {
        "id": 10,
        "attribute_id": 3,
        "value": "large",
        "attribute": {
          "id": 3,
          "slug": "available-in",
          "name": "Available In",
          "values": [
            {
              "id": 8,
              "attribute_id": 3,
              "value": "small"
            },
            {
              "id": 9,
              "attribute_id": 3,
              "value": "medium"
            },
            {
              "id": 10,
              "attribute_id": 3,
              "value": "large"
            }
          ]
        }
      }
    ],
    "variation_options": [
      {
        "id": 247,
        "title": "small",
        "price": 15,
        "sale_price": null,
        "quantity": "100",
        "is_disable": 0,
        "sku": "200101",
        "options": [
          {
            "name": "Available In",
            "value": "small"
          }
        ]
      },
      {
        "id": 248,
        "title": "medium",
        "price": 20,
        "sale_price": 18,
        "quantity": "35",
        "is_disable": 0,
        "sku": "200102",
        "options": [
          {
            "name": "Available In",
            "value": "medium"
          }
        ]
      },
      {
        "id": 249,
        "title": "large",
        "price": 25,
        "sale_price": 0,
        "quantity": "35",
        "is_disable": 0,
        "sku": "200103",
        "options": [
          {
            "name": "Available In",
            "value": "large"
          }
        ]
      }
    ]
  },
  {
    "id": "chips8",
    "name": "Frito Lay's Bold Mix Snacks",
    "slug": "frito-lay's-bold-mix-snacks",
    "description": "A chip (often just chip, or crisp in British and Irish English) may be a thin slice of potato that has been either deep fried or baked until crunchy. they're commonly served as a snack, side dish, or appetizer. the essential chips are cooked and salted; additional varieties are manufactured using various flavorings and ingredients including herbs, spices, cheeses, other natural flavors, artificial flavors, and additives.",
    "image": {
      "id": 1,
      "thumbnail": "/assets/images/products/p-21.png",
      "original": "/assets/images/products/p-21-m.png"
    },
    "gallery": [
      {
        "id": 1,
        "thumbnail": "/assets/images/products/p-21-1.png",
        "original": "/assets/images/products/p-21-1.png"
      },
      {
        "id": 2,
        "thumbnail": "/assets/images/products/p-21-2.png",
        "original": "/assets/images/products/p-21-2.png"
      },
      {
        "id": 3,
        "thumbnail": "/assets/images/products/p-21-3.png",
        "original": "/assets/images/products/p-21-3.png"
      }
    ],
    "quantity": 170,
    "price": null,
    "sale_price": null,
    "unit": "1 each",
    "tag": [
      {
        "id": 1,
        "name": "Fast Food",
        "slug": "fast-food"
      },
      {
        "id": 2,
        "name": "Organic Potato",
        "slug": "organic_potato"
      },
      {
        "id": 3,
        "name": "Flavoured",
        "slug": "flavoured"
      },
      {
        "id": 4,
        "name": "Dry Food",
        "slug": "dry-food"
      }
    ],
    "product_type": "variable",
    "max_price": 25,
    "min_price": 15,
    "variations": [
      {
        "id": 8,
        "attribute_id": 3,
        "value": "small",
        "attribute": {
          "id": 3,
          "slug": "available-in",
          "name": "Available In",
          "values": [
            {
              "id": 8,
              "attribute_id": 3,
              "value": "small"
            },
            {
              "id": 9,
              "attribute_id": 3,
              "value": "medium"
            },
            {
              "id": 10,
              "attribute_id": 3,
              "value": "large"
            }
          ]
        }
      },
      {
        "id": 9,
        "attribute_id": 3,
        "value": "medium",
        "attribute": {
          "id": 3,
          "slug": "available-in",
          "name": "Available In",
          "values": [
            {
              "id": 8,
              "attribute_id": 3,
              "value": "small"
            },
            {
              "id": 9,
              "attribute_id": 3,
              "value": "medium"
            },
            {
              "id": 10,
              "attribute_id": 3,
              "value": "large"
            }
          ]
        }
      },
      {
        "id": 10,
        "attribute_id": 3,
        "value": "large",
        "attribute": {
          "id": 3,
          "slug": "available-in",
          "name": "Available In",
          "values": [
            {
              "id": 8,
              "attribute_id": 3,
              "value": "small"
            },
            {
              "id": 9,
              "attribute_id": 3,
              "value": "medium"
            },
            {
              "id": 10,
              "attribute_id": 3,
              "value": "large"
            }
          ]
        }
      }
    ],
    "variation_options": [
      {
        "id": 247,
        "title": "small",
        "price": 15,
        "sale_price": null,
        "quantity": "100",
        "is_disable": 0,
        "sku": "200101",
        "options": [
          {
            "name": "Available In",
            "value": "small"
          }
        ]
      },
      {
        "id": 248,
        "title": "medium",
        "price": 20,
        "sale_price": 18,
        "quantity": "35",
        "is_disable": 0,
        "sku": "200102",
        "options": [
          {
            "name": "Available In",
            "value": "medium"
          }
        ]
      },
      {
        "id": 249,
        "title": "large",
        "price": 25,
        "sale_price": 0,
        "quantity": "35",
        "is_disable": 0,
        "sku": "200103",
        "options": [
          {
            "name": "Available In",
            "value": "large"
          }
        ]
      }
    ]
  },
  {
    "id": "chips9",
    "name": "Smartfood White Cheddar Cheese Popcorn",
    "slug": "smartfood-white-cheddar-cheese-popcorn",
    "description": "Popcorn (popped corn, popcorns or pop-corn) may be a sort of corn kernel which expands and puffs up when heated; an equivalent names also are wont to ask the foodstuff produced by the expansion. A popcorn kernel's strong hull contains the seed's hard, starchy shell endosperm with 14–20% moisture, which turns to steam because the kernel is heated. Pressure from the steam continues to create until the hull ruptures, allowing the kernel to forcefully expand, to twenty to 50 times its original volume, then cool.Some strains of corn (taxonomized as Zea mays) are cultivated specifically as popping corns. The corn variety everta, a special quite flint maize , is that the commonest of those .",
    "image": {
      "id": 1,
      "thumbnail": "/assets/images/products/p-32.png",
      "original": "/assets/images/products/p-32-m.png"
    },
    "gallery": [
      {
        "id": 1,
        "thumbnail": "/assets/images/products/p-32-1.png",
        "original": "/assets/images/products/p-32-1.png"
      },
      {
        "id": 2,
        "thumbnail": "/assets/images/products/p-32-2.png",
        "original": "/assets/images/products/p-32-2.png"
      },
      {
        "id": 3,
        "thumbnail": "/assets/images/products/p-32-3.png",
        "original": "/assets/images/products/p-32-3.png"
      }
    ],
    "quantity": 170,
    "price": null,
    "sale_price": null,
    "unit": "1 each",
    "tag": [
      {
        "id": 1,
        "name": "Fast Food",
        "slug": "fast-food"
      },
      {
        "id": 2,
        "name": "Organic Corn",
        "slug": "organic_corn"
      },
      {
        "id": 3,
        "name": "Flavoured",
        "slug": "flavoured"
      },
      {
        "id": 4,
        "name": "Dry Food",
        "slug": "dry-food"
      }
    ],
    "product_type": "variable",
    "max_price": 40,
    "min_price": 15,
    "variations": [
      {
        "id": 8,
        "attribute_id": 3,
        "value": "small",
        "attribute": {
          "id": 3,
          "slug": "available-in",
          "name": "Available In",
          "values": [
            {
              "id": 8,
              "attribute_id": 3,
              "value": "small"
            },
            {
              "id": 9,
              "attribute_id": 3,
              "value": "medium"
            },
            {
              "id": 10,
              "attribute_id": 3,
              "value": "large"
            }
          ]
        }
      },
      {
        "id": 9,
        "attribute_id": 3,
        "value": "medium",
        "attribute": {
          "id": 3,
          "slug": "available-in",
          "name": "Available In",
          "values": [
            {
              "id": 8,
              "attribute_id": 3,
              "value": "small"
            },
            {
              "id": 9,
              "attribute_id": 3,
              "value": "medium"
            },
            {
              "id": 10,
              "attribute_id": 3,
              "value": "large"
            }
          ]
        }
      },
      {
        "id": 10,
        "attribute_id": 3,
        "value": "large",
        "attribute": {
          "id": 3,
          "slug": "available-in",
          "name": "Available In",
          "values": [
            {
              "id": 8,
              "attribute_id": 3,
              "value": "small"
            },
            {
              "id": 9,
              "attribute_id": 3,
              "value": "medium"
            },
            {
              "id": 10,
              "attribute_id": 3,
              "value": "large"
            }
          ]
        }
      }
    ],
    "variation_options": [
      {
        "id": 247,
        "title": "small",
        "price": 15,
        "sale_price": null,
        "quantity": "100",
        "is_disable": 0,
        "sku": "200101",
        "options": [
          {
            "name": "Available In",
            "value": "small"
          }
        ]
      },
      {
        "id": 248,
        "title": "medium",
        "price": 30,
        "sale_price": 20,
        "quantity": "35",
        "is_disable": 0,
        "sku": "200102",
        "options": [
          {
            "name": "Available In",
            "value": "medium"
          }
        ]
      },
      {
        "id": 249,
        "title": "large",
        "price": 40,
        "sale_price": null,
        "quantity": "35",
        "is_disable": 0,
        "sku": "200103",
        "options": [
          {
            "name": "Available In",
            "value": "large"
          }
        ]
      }
    ]
  }
]
